100.1	18	0.0009	1
100.1	292	0.0028	1
100.1	453	0.0097	1
100.1	924	0.0084	1
100.1	926	0.0074	1
100.1	927	0.0075	1
101.1	609	0.0021	1
10.2	26	0.0095	0
10.2	44	0.0031	0
10.2	649	0.0091	4
10.2	716	0.0070	0
10.2	766	0.0014	0
10.2	785	0.0031	1
10.2	826	0.0062	1
10.2	900	0.0085	0
10.2	902	0.0000	1
10.2	1000	0.0009	2
10.2	1016	0.0016	0
10.2	1178	0.0070	1
10.2	1179	0.0026	1
10.2	1207	0.0002	1
10.2	1210	0.0044	4
10.2	1255	0.0067	4
10.2	1257	0.0084	2
10.2	1308	0.0005	1
10.2	1312	0.0006	1
10.2	1344	0.0075	1
10.2	1379	0.0022	0
10.2	1383	0.0000	3
10.3	185	0.0072	1
10.3	717	0.0099	1
10.3	846	0.0043	2
10.3	1221	0.0000	1
10.3	1225	0.0020	1
104.1	213	0.0011	3
104.1	297	0.0001	3
104.1	554	0.0013	2
104.1	555	0.0011	3
104.1	572	0.0076	1
104.1	594	0.0026	2
104.1	607	0.0006	5
104.1	611	0.0064	1
104.1	627	0.0054	2
104.1	632	0.0016	2
104.1	636	0.0005	3
104.1	693	0.0000	2
104.1	757	0.0009	2
104.1	807	0.0087	3
104.1	839	0.0048	1
104.1	849	0.0026	2
104.1	852	0.0042	0
105.1	13	0.0015	1
105.1	15	0.0013	1
105.1	16	0.0006	1
105.1	64	0.0026	1
105.1	91	0.0052	1
105.1	129	0.0006	5
105.1	472	0.0020	1
105.1	649	0.0095	5
105.1	738	0.0006	2
105.1	762	0.0097	1
105.1	795	0.0007	2
105.1	903	0.0050	5
105.1	1151	0.0010	1
105.1	1155	0.0000	6
10.5	624	0.0074	1
10.5	1062	0.0033	1
10.5	1097	0.0090	1
10.5	1224	0.0091	1
106.1	345	0.0094	1
106.1	372	0.0042	1
106.1	509	0.0000	7
106.1	527	0.0003	1
106.1	613	0.0026	1
106.1	650	0.0005	0
106.1	665	0.0046	1
106.1	667	0.0021	0
106.1	670	0.0004	0
106.1	672	0.0001	1
106.1	740	0.0056	1
106.1	777	0.0013	1
106.1	1289	0.0005	1
106.1	1337	0.0083	0
106.1	1384	0.0034	1
106.1	1387	0.0031	1
106.1	1390	0.0082	1
106.1	1392	0.0037	2
106.1	1482	0.0017	1
106.1	1524	0.0000	2
106.1	1562	0.0044	3
106.1	1623	0.0046	1
106.1	1625	0.0000	0
106.1	1629	0.0003	0
106.1	1679	0.0000	1
106.1	1743	0.0048	1
106.1	1753	0.0066	1
106.1	1755	0.0028	0
106.1	1759	0.0021	0
107.1	35	0.0044	1
107.1	36	0.0004	1
107.1	71	0.0044	1
107.1	96	0.0032	1
107.1	368	0.0036	4
107.1	473	0.0003	2
107.1	475	0.0036	1
107.1	832	0.0000	4
107.1	894	0.0020	1
107.1	896	0.0001	1
107.1	897	0.0027	1
107.1	898	0.0044	1
107.1	902	0.0045	1
107.1	988	0.0076	2
107.1	1079	0.0042	2
107.1	1085	0.0024	1
107.1	1087	0.0010	1
107.1	1093	0.0025	1
107.1	1095	0.0012	1
10.7	121	0.0009	1
10.7	575	0.0093	1
10.7	583	0.0028	1
10.7	656	0.0087	1
10.8	73	0.0082	2
10.8	565	0.0091	2
109.1	598	0.0004	1
109.1	858	0.0017	1
109.1	889	0.0013	0
109.1	892	0.0099	0
110.1	17	0.0000	1
110.1	18	0.0025	2
110.1	19	0.0000	1
110.1	69	0.0051	1
110.1	72	0.0055	3
110.1	78	0.0059	1
110.1	88	0.0061	5
110.1	91	0.0001	2
110.1	154	0.0067	6
110.1	205	0.0000	4
110.1	231	0.0003	2
110.1	256	0.0048	1
110.1	389	0.0030	2
110.1	394	0.0027	2
110.1	413	0.0054	1
110.1	440	0.0049	2
110.1	450	0.0081	1
110.1	507	0.0007	2
110.1	508	0.0059	1
110.1	522	0.0032	3
110.1	572	0.0002	5
110.1	623	0.0025	1
110.1	633	0.0009	1
110.1	637	0.0068	4
110.1	640	0.0012	1
110.1	643	0.0005	1
110.1	772	0.0027	1
110.1	781	0.0069	0
110.1	828	0.0015	1
110.1	835	0.0019	1
110.1	996	0.0091	2
110.1	1092	0.0062	3
110.1	1124	0.0071	2
1.10	971	0.0068	1
1.10	1288	0.0041	1
112.1	2	0.0077	0
112.1	16	0.0058	0
112.1	21	0.0001	3
112.1	23	0.0005	2
112.1	64	0.0002	1
112.1	87	0.0078	0
112.1	89	0.0002	0
112.1	106	0.0019	0
112.1	137	0.0003	1
112.1	174	0.0007	1
112.1	180	0.0003	1
112.1	181	0.0098	1
112.1	188	0.0002	1
112.1	195	0.0006	2
112.1	668	0.0002	1
112.1	834	0.0044	1
112.1	835	0.0072	1
112.1	1130	0.0068	4
112.1	1204	0.0008	4
112.1	1268	0.0074	2
112.1	1271	0.0012	4
112.1	1284	0.0031	2
112.1	1297	0.0060	5
113.1	135	0.0095	0
113.1	136	0.0075	0
113.1	137	0.0082	0
113.1	140	0.0061	0
113.1	148	0.0098	0
113.1	195	0.0031	2
113.1	198	0.0034	1
113.1	391	0.0002	6
113.1	722	0.0085	1
113.1	737	0.0062	1
113.1	752	0.0039	1
113.1	804	0.0044	1
113.1	814	0.0036	1
113.1	864	0.0010	1
113.1	869	0.0000	3
113.1	1143	0.0070	1
113.1	1261	0.0086	1
113.1	1329	0.0098	1
113.1	1338	0.0077	1
113.1	1343	0.0020	6
113.1	1416	0.0070	1
113.1	1519	0.0014	1
113.1	1538	0.0020	1
113.1	1610	0.0032	1
113.1	1622	0.0023	1
113.1	1673	0.0039	1
113.1	1675	0.0028	1
113.1	1710	0.0000	3
113.1	1820	0.0074	0
113.1	1822	0.0052	0
113.1	1829	0.0047	1
113.1	1831	0.0035	1
113.1	1832	0.0025	1
113.1	1834	0.0096	1
113.1	1966	0.0024	1
113.1	2423	0.0096	1
113.1	2466	0.0087	1
113.1	2536	0.0000	3
113.1	2539	0.0024	3
113.1	2544	0.0070	2
113.1	2585	0.0023	1
1.13	229	0.0027	0
1.13	477	0.0021	2
1.13	549	0.0001	2
1.13	588	0.0013	1
1.13	608	0.0068	2
1.13	712	0.0066	0
1.13	803	0.0070	2
1.13	829	0.0011	3
1.13	873	0.0011	1
1.13	970	0.0006	2
1.13	1013	0.0078	2
1.13	1017	0.0004	1
1.13	1059	0.0000	1
1.13	1084	0.0067	3
1.13	1127	0.0003	2
1.13	1190	0.0002	1
1.13	1217	0.0076	0
1.13	1271	0.0010	0
1.13	1291	0.0021	1
1.13	1309	0.0061	2
1.13	1386	0.0060	1
1.13	1398	0.0013	1
1.13	1402	0.0048	2
1.13	1404	0.0016	1
1.13	1407	0.0058	0
1.13	1410	0.0000	1
1.13	1412	0.0009	1
1.13	1414	0.0004	1
1.13	1540	0.0088	0
114.1	116	0.0077	2
114.1	272	0.0025	1
114.1	273	0.0001	1
114.1	459	0.0004	1
114.1	614	0.0099	1
114.1	619	0.0096	1
114.1	878	0.0017	1
1.14	275	0.0004	1
1.14	469	0.0012	2
1.14	477	0.0002	0
1.14	548	0.0065	1
1.14	583	0.0093	1
1.14	712	0.0003	2
1.14	713	0.0067	2
1.14	917	0.0010	1
1.14	968	0.0014	1
1.14	987	0.0011	1
1.14	988	0.0094	1
1.14	1045	0.0002	1
1.14	1053	0.0003	2
1.14	1054	0.0031	3
1.14	1058	0.0001	1
1.14	1077	0.0022	2
1.14	1100	0.0013	1
1.14	1311	0.0008	1
1.14	1390	0.0034	1
115.1	16	0.0005	1
115.1	22	0.0011	1
115.1	41	0.0016	0
115.1	42	0.0013	0
115.1	44	0.0020	0
115.1	103	0.0010	2
115.1	108	0.0000	2
115.1	112	0.0010	3
115.1	114	0.0002	3
115.1	119	0.0072	1
115.1	143	0.0008	1
115.1	147	0.0080	0
115.1	149	0.0077	0
115.1	159	0.0017	0
115.1	194	0.0083	0
115.1	217	0.0013	1
115.1	221	0.0019	1
115.1	238	0.0017	2
115.1	262	0.0029	1
115.1	303	0.0099	0
115.1	305	0.0000	2
115.1	308	0.0000	3
115.1	309	0.0002	1
115.1	314	0.0001	2
115.1	350	0.0000	6
115.1	597	0.0000	1
115.1	633	0.0041	1
115.1	746	0.0011	0
115.1	754	0.0007	1
115.1	760	0.0095	1
115.1	788	0.0016	0
115.1	827	0.0000	8
115.1	901	0.0043	1
115.1	913	0.0000	1
1.15	72	0.0042	1
1.15	673	0.0022	1
1.15	1230	0.0084	1
1.15	1231	0.0044	1
1.15	1245	0.0075	1
1.15	1246	0.0039	1
1.15	1253	0.0088	1
1.15	1318	0.0011	1
117.1	247	0.0001	1
117.1	395	0.0001	2
117.1	406	0.0077	2
117.1	488	0.0019	1
117.1	489	0.0004	1
117.1	491	0.0008	1
117.1	497	0.0017	1
117.1	505	0.0028	0
117.1	596	0.0005	5
117.1	644	0.0008	3
117.1	666	0.0003	5
117.1	669	0.0000	1
117.1	670	0.0008	1
1.18	2	0.0054	1
1.18	56	0.0018	1
1.18	58	0.0019	1
1.18	246	0.0077	1
1.18	306	0.0070	1
1.18	377	0.0087	1
1.18	621	0.0072	1
1.18	624	0.0042	1
1.18	627	0.0035	1
1.18	704	0.0050	2
1.18	878	0.0037	0
1.18	1013	0.0082	0
1.18	1190	0.0001	1
1.18	1240	0.0034	1
1.18	1355	0.0015	2
1.18	1356	0.0005	2
1.18	1357	0.0000	2
1.18	1359	0.0036	1
119.1	13	0.0013	3
119.1	176	0.0058	1
119.1	182	0.0083	1
119.1	473	0.0000	1
120.1	212	0.0010	1
120.1	213	0.0006	1
120.1	214	0.0003	1
120.1	215	0.0032	1
120.1	323	0.0046	1
120.1	324	0.0014	1
120.1	331	0.0081	1
120.1	346	0.0007	4
120.1	458	0.0039	1
120.1	462	0.0003	1
120.1	464	0.0090	1
120.1	465	0.0030	1
120.1	470	0.0003	1
120.1	471	0.0050	1
120.1	745	0.0088	3
120.1	767	0.0020	1
120.1	875	0.0082	1
120.1	906	0.0051	2
120.1	914	0.0093	1
120.1	958	0.0018	1
120.1	1240	0.0077	1
120.1	1267	0.0014	1
1.21	69	0.0030	1
1.21	70	0.0082	2
1.21	228	0.0029	1
1.21	230	0.0000	1
1.21	273	0.0001	1
1.21	341	0.0011	1
1.21	543	0.0008	2
1.21	588	0.0068	0
1.21	674	0.0006	3
1.21	741	0.0026	1
1.21	812	0.0005	2
1.21	835	0.0009	1
1.21	836	0.0020	1
1.21	856	0.0007	2
1.21	946	0.0005	1
1.21	969	0.0069	2
1.21	1059	0.0073	1
1.21	1061	0.0020	4
1.21	1083	0.0081	0
1.21	1272	0.0011	0
1.21	1310	0.0000	2
1.21	1311	0.0081	1
1.21	1449	0.0018	1
1.21	1451	0.0062	0
122.1	2	0.0017	1
122.1	179	0.0012	5
122.1	206	0.0066	3
122.1	347	0.0063	3
1.22	576	0.0087	1
1.22	738	0.0045	1
1.22	750	0.0038	1
1.22	916	0.0001	1
1.22	980	0.0040	0
1.22	1003	0.0021	0
1.22	1113	0.0000	1
1.22	1114	0.0045	1
1.22	1115	0.0061	0
1.22	1164	0.0085	1
1.22	1173	0.0094	1
1.22	1193	0.0095	1
1.22	1280	0.0053	1
12.2	7	0.0003	1
12.2	196	0.0036	1
12.2	791	0.0061	0
12.2	840	0.0029	1
123.1	255	0.0006	1
123.1	290	0.0008	1
123.1	292	0.0006	1
123.1	293	0.0008	1
123.1	296	0.0012	1
1.23	463	0.0094	1
1.23	1228	0.0003	1
1.23	1457	0.0037	2
1.23	1530	0.0043	1
1.23	1556	0.0073	0
124.1	41	0.0073	1
124.1	50	0.0051	1
124.1	177	0.0010	1
124.1	185	0.0014	1
124.1	288	0.0000	3
12.4	614	0.0020	1
12.4	615	0.0019	1
12.4	639	0.0045	1
12.4	640	0.0000	1
12.4	646	0.0056	1
12.4	754	0.0088	1
125.1	918	0.0044	1
127.1	355	0.0065	1
127.1	361	0.0057	1
127.1	374	0.0051	1
127.1	721	0.0019	1
1.27	60	0.0087	1
1.27	61	0.0097	1
1.27	68	0.0000	2
1.27	82	0.0075	1
1.27	83	0.0001	2
1.27	243	0.0004	0
1.27	278	0.0000	2
1.27	301	0.0000	4
1.27	358	0.0080	1
1.27	366	0.0063	5
1.27	472	0.0029	2
1.27	503	0.0007	1
1.27	505	0.0008	1
1.27	550	0.0000	3
1.27	597	0.0000	5
1.27	599	0.0074	3
1.27	666	0.0001	0
1.27	671	0.0004	2
1.27	701	0.0014	0
1.27	718	0.0004	1
1.27	722	0.0003	4
1.27	727	0.0003	0
1.27	730	0.0032	1
1.27	772	0.0025	2
1.27	773	0.0000	5
1.27	795	0.0002	1
1.27	835	0.0077	4
1.27	981	0.0012	0
1.27	984	0.0050	1
1.27	1000	0.0010	1
1.27	1001	0.0031	1
1.27	1118	0.0001	4
1.27	1119	0.0022	1
1.27	1359	0.0019	1
1.27	1360	0.0045	1
1.27	1361	0.0016	3
1.27	1362	0.0051	1
1.27	1365	0.0000	4
1.27	1422	0.0000	1
1.27	1423	0.0016	3
1.27	1424	0.0002	1
1.27	1436	0.0039	3
1.27	1437	0.0040	1
1.27	1441	0.0007	2
1.27	1444	0.0035	1
1.27	1556	0.0015	1
1.27	1578	0.0004	0
1.27	1597	0.0016	2
1.27	1599	0.0067	0
1.27	1600	0.0001	3
1.27	1602	0.0012	2
1.27	1617	0.0028	1
1.27	1709	0.0000	2
1.27	1734	0.0001	3
1.27	1736	0.0083	5
1.27	1809	0.0053	3
1.27	1826	0.0031	2
1.27	1827	0.0000	2
1.27	1830	0.0033	1
1.27	1832	0.0003	0
1.27	1838	0.0000	1
1.27	1851	0.0011	1
1.27	1855	0.0007	2
1.27	1866	0.0034	2
1.27	1867	0.0011	4
1.27	1887	0.0027	3
1.27	1888	0.0000	2
1.27	1889	0.0063	1
1.27	1894	0.0012	1
1.27	1903	0.0035	1
1.27	1904	0.0001	3
1.27	1907	0.0000	5
1.27	1908	0.0092	3
1.27	1909	0.0033	3
1.27	1912	0.0002	3
1.27	1983	0.0014	0
1.27	1984	0.0023	0
1.27	1986	0.0010	2
12.7	590	0.0007	1
12.7	640	0.0027	1
12.7	878	0.0037	2
12.7	945	0.0006	2
12.7	946	0.0025	3
12.7	947	0.0042	2
12.7	948	0.0049	2
12.7	955	0.0003	1
128.1	28	0.0001	1
128.1	31	0.0005	1
128.1	137	0.0000	1
128.1	183	0.0007	4
128.1	185	0.0009	1
128.1	272	0.0022	2
128.1	301	0.0084	1
128.1	350	0.0000	1
128.1	355	0.0000	1
128.1	767	0.0001	1
128.1	862	0.0044	1
128.1	878	0.0014	1
128.1	884	0.0057	1
128.1	888	0.0091	1
128.1	896	0.0061	1
128.1	904	0.0006	1
128.1	1105	0.0066	0
128.1	1118	0.0060	2
128.1	1410	0.0007	0
128.1	1411	0.0076	0
128.1	1413	0.0015	0
128.1	1415	0.0092	0
128.1	1416	0.0009	0
130.1	167	0.0001	2
130.1	169	0.0002	1
130.1	171	0.0000	1
130.1	618	0.0060	2
130.1	716	0.0003	1
130.1	737	0.0032	1
130.1	832	0.0000	1
130.1	833	0.0000	1
130.1	839	0.0000	1
130.1	840	0.0027	1
130.1	841	0.0044	1
130.1	843	0.0057	1
130.1	927	0.0092	1
130.1	1102	0.0022	1
130.1	1103	0.0006	1
130.1	1115	0.0007	1
130.1	1456	0.0094	1
133.1	215	0.0045	1
133.1	237	0.0015	1
133.1	621	0.0006	1
133.1	825	0.0001	2
133.1	975	0.0066	0
133.1	1106	0.0001	1
133.1	1109	0.0002	2
133.1	1111	0.0000	2
134.4	612	0.0053	1
134.8	577	0.0042	0
135.13	579	0.0029	1
135.13	881	0.0076	1
135.13	886	0.0072	1
135.1	91	0.0004	1
135.1	94	0.0062	1
135.1	96	0.0009	1
13.5	217	0.0080	1
13.5	231	0.0051	1
13.5	293	0.0046	1
13.5	405	0.0004	1
13.5	430	0.0040	1
13.5	460	0.0045	1
136.1	84	0.0008	1
136.1	185	0.0028	1
137.1	7	0.0046	0
137.1	137	0.0000	3
137.1	166	0.0000	1
137.1	169	0.0064	1
137.1	532	0.0015	1
137.1	634	0.0077	1
137.1	638	0.0063	1
137.1	659	0.0094	1
137.1	669	0.0086	1
137.1	675	0.0033	3
137.1	681	0.0061	2
137.1	685	0.0081	1
137.1	877	0.0000	5
137.1	890	0.0093	0
137.1	897	0.0038	0
137.1	914	0.0000	1
137.1	1013	0.0040	0
137.1	1015	0.0037	0
137.1	1018	0.0099	0
137.1	1027	0.0058	0
137.1	1029	0.0054	0
137.1	1094	0.0058	1
137.1	1108	0.0000	4
137.1	1110	0.0012	3
137.1	1144	0.0011	3
138.1	123	0.0044	2
138.1	125	0.0000	4
138.1	152	0.0032	1
138.1	162	0.0000	4
138.1	165	0.0073	4
138.1	202	0.0090	4
138.1	204	0.0032	4
138.1	379	0.0023	2
138.1	385	0.0004	1
138.1	386	0.0036	1
138.1	419	0.0000	3
138.1	481	0.0041	2
138.1	533	0.0016	1
138.1	614	0.0001	2
138.1	944	0.0083	2
138.1	968	0.0046	1
138.1	1111	0.0040	0
139.1	173	0.0001	1
140.1	27	0.0019	1
140.1	29	0.0062	1
140.1	43	0.0001	1
140.1	58	0.0048	1
140.1	61	0.0035	1
140.1	65	0.0003	0
140.1	77	0.0001	0
140.1	86	0.0095	2
140.1	173	0.0001	1
140.1	176	0.0084	1
140.1	190	0.0021	1
140.1	192	0.0037	1
140.1	231	0.0009	1
140.1	316	0.0027	1
140.1	318	0.0018	1
140.1	321	0.0018	1
140.1	345	0.0048	1
140.1	419	0.0084	1
140.1	433	0.0003	1
140.1	437	0.0019	1
140.1	438	0.0056	1
140.1	439	0.0041	1
140.1	477	0.0047	1
140.1	524	0.0000	1
140.1	689	0.0010	1
140.1	697	0.0017	1
140.1	718	0.0000	1
140.1	994	0.0000	2
140.1	1235	0.0041	2
140.1	1236	0.0008	0
140.1	1288	0.0001	0
140.1	1298	0.0058	1
141.1	47	0.0005	3
141.1	185	0.0025	3
141.1	221	0.0088	2
141.1	239	0.0009	0
141.1	262	0.0002	2
141.1	276	0.0083	1
141.1	327	0.0034	1
141.1	336	0.0041	1
141.1	360	0.0099	1
141.1	363	0.0078	1
141.1	367	0.0086	1
141.1	381	0.0070	1
141.1	460	0.0003	1
141.1	568	0.0062	4
14.1	175	0.0043	1
14.1	288	0.0014	1
14.1	308	0.0091	2
14.1	325	0.0057	1
14.1	330	0.0036	1
14.1	909	0.0033	1
14.1	961	0.0039	0
14.1	962	0.0000	0
142.1	12	0.0001	1
142.1	15	0.0002	1
142.1	222	0.0038	1
142.1	225	0.0025	1
142.1	890	0.0000	1
142.1	891	0.0002	1
142.1	892	0.0006	1
142.1	904	0.0020	1
142.1	905	0.0014	3
142.1	916	0.0000	1
142.1	919	0.0036	1
142.1	920	0.0097	2
142.1	1094	0.0005	2
142.1	1099	0.0004	1
142.1	1103	0.0031	1
142.1	1104	0.0001	2
14.2	406	0.0008	1
14.2	661	0.0059	0
14.2	824	0.0035	1
143.1	296	0.0010	1
143.1	297	0.0009	1
143.1	314	0.0005	1
143.1	315	0.0008	1
143.1	317	0.0033	0
143.1	329	0.0001	2
143.1	332	0.0003	1
143.1	612	0.0011	1
143.1	1175	0.0063	1
145.1	208	0.0034	1
146.1	77	0.0002	1
146.1	413	0.0079	1
147.1	195	0.0024	1
147.1	954	0.0082	1
147.1	955	0.0007	1
148.1	146	0.0047	1
148.1	273	0.0001	1
148.1	315	0.0000	1
148.1	321	0.0015	1
148.1	594	0.0029	1
148.1	645	0.0035	1
148.1	702	0.0074	1
148.1	752	0.0000	1
149.1	190	0.0059	5
149.1	944	0.0052	1
149.1	956	0.0044	1
150.1	234	0.0046	1
15.1	78	0.0072	1
15.1	87	0.0025	1
15.1	386	0.0004	0
15.1	841	0.0027	1
15.1	1187	0.0064	1
152.1	812	0.0030	1
15.2	343	0.0007	0
15.2	799	0.0071	1
15.2	920	0.0052	1
15.2	986	0.0033	1
15.2	1155	0.0036	1
15.2	1158	0.0035	1
15.2	1160	0.0033	0
15.2	1161	0.0020	1
153.1	2	0.0000	1
153.1	8	0.0001	1
153.1	24	0.0013	2
153.1	28	0.0001	2
153.1	29	0.0001	0
153.1	33	0.0000	3
153.1	39	0.0001	0
153.1	56	0.0040	2
153.1	59	0.0000	2
153.1	191	0.0039	2
153.1	354	0.0000	1
153.1	520	0.0066	1
153.1	524	0.0000	2
153.1	742	0.0000	2
153.1	745	0.0018	1
153.1	763	0.0080	2
153.1	780	0.0007	1
153.1	847	0.0023	2
153.1	883	0.0002	1
153.1	935	0.0029	2
153.1	1104	0.0009	2
153.1	1108	0.0018	2
153.1	1111	0.0006	2
153.1	1114	0.0060	3
153.1	1118	0.0021	2
153.1	1119	0.0015	2
153.1	1156	0.0013	1
153.1	1159	0.0048	2
153.1	1161	0.0001	1
153.1	1249	0.0050	3
15.3	177	0.0030	1
15.3	386	0.0000	2
15.3	525	0.0014	2
15.3	545	0.0000	3
15.3	601	0.0064	2
15.3	620	0.0023	1
15.3	621	0.0001	2
15.3	635	0.0000	2
15.3	655	0.0014	0
15.3	713	0.0008	3
15.3	716	0.0000	3
15.3	735	0.0014	4
15.3	753	0.0031	4
15.3	803	0.0030	3
15.3	829	0.0019	2
15.3	902	0.0009	2
15.3	1136	0.0031	0
15.3	1167	0.0074	1
15.3	1191	0.0054	0
15.3	1193	0.0000	3
15.3	1215	0.0016	2
15.3	1235	0.0014	4
15.3	1239	0.0000	2
15.3	1264	0.0045	2
15.3	1311	0.0036	2
154.1	100	0.0023	0
154.1	610	0.0035	1
154.1	641	0.0000	1
154.1	642	0.0002	1
154.1	668	0.0000	6
154.1	721	0.0015	1
154.1	722	0.0073	1
154.1	729	0.0060	0
154.1	730	0.0083	0
154.1	883	0.0040	0
154.1	904	0.0005	2
154.1	930	0.0069	3
154.1	931	0.0023	1
15.4	318	0.0000	1
15.4	319	0.0014	1
15.4	507	0.0000	1
15.4	548	0.0001	1
15.4	587	0.0097	2
15.4	661	0.0000	2
15.4	664	0.0023	2
15.4	695	0.0046	1
15.4	760	0.0019	1
15.4	762	0.0000	1
15.4	788	0.0012	1
15.4	808	0.0043	1
15.4	813	0.0026	0
15.4	841	0.0016	3
15.4	843	0.0043	3
15.4	861	0.0000	6
15.4	930	0.0009	1
15.4	935	0.0000	2
15.4	955	0.0006	2
15.4	981	0.0007	3
15.4	982	0.0088	1
15.4	1002	0.0024	1
15.4	1011	0.0085	2
15.4	1096	0.0018	0
15.4	1098	0.0013	1
15.4	1099	0.0029	0
15.4	1124	0.0021	1
15.4	1136	0.0005	0
15.4	1140	0.0015	0
15.4	1142	0.0058	1
15.4	1143	0.0008	0
15.4	1144	0.0000	3
15.4	1146	0.0031	3
15.4	1170	0.0071	2
15.4	1194	0.0035	1
15.4	1253	0.0062	3
15.4	1254	0.0010	2
15.4	1266	0.0084	1
15.4	1274	0.0056	1
15.4	1275	0.0001	3
155.1	2	0.0003	1
155.1	4	0.0001	1
155.1	5	0.0001	1
155.1	42	0.0003	1
155.1	62	0.0003	1
155.1	73	0.0001	1
155.1	78	0.0092	1
155.1	248	0.0053	1
155.1	250	0.0088	1
155.1	255	0.0088	1
155.1	256	0.0042	1
155.1	259	0.0001	1
155.1	348	0.0051	3
155.1	351	0.0004	1
155.1	357	0.0002	1
155.1	459	0.0000	1
155.1	516	0.0076	0
155.1	1206	0.0004	4
155.1	1208	0.0086	5
155.1	1210	0.0004	3
155.1	1236	0.0070	1
155.1	1237	0.0068	0
155.1	1238	0.0097	1
155.1	1245	0.0005	1
155.1	1286	0.0000	1
155.1	1289	0.0034	0
155.1	1294	0.0086	0
155.1	1295	0.0000	0
155.1	1296	0.0070	0
155.1	1299	0.0000	0
155.1	1301	0.0000	0
155.1	1303	0.0000	3
155.1	1305	0.0001	4
155.1	1324	0.0009	0
155.1	1327	0.0011	1
155.1	1334	0.0075	0
155.1	1336	0.0074	1
155.1	1361	0.0005	1
155.1	1363	0.0047	2
155.1	1365	0.0000	2
155.1	1413	0.0001	0
155.1	1431	0.0093	0
155.1	1468	0.0021	4
155.1	1470	0.0000	3
155.1	1471	0.0000	4
155.1	1500	0.0015	0
155.1	1502	0.0064	0
155.1	1504	0.0002	0
155.1	1509	0.0000	0
155.1	1510	0.0063	1
155.1	1524	0.0077	0
155.1	1525	0.0077	0
155.1	1550	0.0001	0
155.1	1551	0.0002	0
155.1	1555	0.0087	0
155.1	1574	0.0012	2
155.1	1577	0.0000	3
155.1	1580	0.0003	2
155.1	1601	0.0001	1
155.1	1603	0.0000	3
15.6	997	0.0009	1
159.1	778	0.0043	1
159.1	794	0.0020	1
159.1	1086	0.0064	0
1.5	1651	0.0041	1
1.5	1653	0.0099	1
1.5	1656	0.0006	1
160.1	64	0.0053	2
160.1	156	0.0001	0
160.1	324	0.0039	3
160.1	391	0.0017	3
160.1	424	0.0094	1
160.1	425	0.0053	1
160.1	426	0.0036	1
160.1	428	0.0052	1
160.1	429	0.0070	1
160.1	607	0.0004	4
160.1	740	0.0000	3
160.1	822	0.0048	1
160.1	843	0.0062	4
160.1	910	0.0010	2
160.1	1006	0.0000	7
160.1	1031	0.0005	2
160.1	1047	0.0057	1
160.1	1202	0.0000	2
160.1	1348	0.0019	1
160.1	1377	0.0059	1
160.1	1380	0.0000	1
160.1	1407	0.0079	2
160.1	1408	0.0089	2
160.1	1429	0.0014	2
160.1	1470	0.0002	1
160.1	1473	0.0008	3
160.1	1478	0.0006	3
160.1	1493	0.0000	5
160.1	1565	0.0056	1
160.1	1690	0.0036	2
160.1	1696	0.0000	2
160.1	1697	0.0021	3
160.1	1706	0.0097	0
160.1	1709	0.0002	0
160.1	1716	0.0003	0
160.1	1717	0.0000	2
160.1	1737	0.0016	0
160.1	1746	0.0016	1
160.1	1747	0.0007	1
160.1	1759	0.0056	2
160.1	1761	0.0018	2
160.1	1763	0.0012	2
160.1	1771	0.0001	2
160.1	1776	0.0006	2
160.1	1782	0.0073	1
160.1	1803	0.0000	2
160.1	1804	0.0033	1
16.10	399	0.0070	1
16.11	187	0.0028	1
16.11	201	0.0031	1
16.11	202	0.0020	1
16.11	212	0.0097	2
16.11	358	0.0089	1
16.11	381	0.0006	0
16.11	385	0.0004	0
16.11	428	0.0037	1
16.11	518	0.0046	1
16.11	521	0.0075	1
16.11	524	0.0011	1
16.11	526	0.0011	1
16.11	794	0.0059	3
16.11	866	0.0064	1
16.11	895	0.0069	1
16.11	1202	0.0027	2
16.11	1804	0.0088	1
16.11	1968	0.0087	2
16.11	1980	0.0098	1
161.1	135	0.0020	2
16.2	104	0.0071	2
16.2	990	0.0002	1
16.2	1035	0.0006	0
16.2	1153	0.0096	2
16.2	1209	0.0032	1
163.3	8	0.0013	1
163.3	13	0.0036	1
163.3	32	0.0099	0
163.3	47	0.0092	0
163.3	178	0.0010	1
163.3	541	0.0059	1
163.3	542	0.0085	1
163.3	702	0.0055	1
163.3	908	0.0072	1
163.3	1197	0.0034	1
163.3	1215	0.0064	2
163.3	1216	0.0042	1
163.3	1343	0.0030	1
16.3	2	0.0001	1
16.3	96	0.0099	2
16.3	97	0.0032	2
16.3	179	0.0002	2
16.3	703	0.0039	1
16.3	714	0.0039	1
16.3	720	0.0049	1
16.3	721	0.0051	1
16.3	756	0.0046	1
16.3	757	0.0074	1
16.3	816	0.0069	2
16.3	1113	0.0031	1
16.3	1427	0.0098	1
16.3	1429	0.0098	1
16.3	1448	0.0008	1
165.5	48	0.0097	1
165.5	57	0.0023	1
165.5	58	0.0011	1
165.5	237	0.0000	5
165.5	240	0.0093	1
165.5	279	0.0011	0
165.5	367	0.0032	2
165.5	473	0.0018	1
165.5	552	0.0000	2
165.5	667	0.0021	1
165.5	677	0.0004	2
165.5	706	0.0089	1
165.5	708	0.0001	3
165.5	717	0.0003	1
165.5	786	0.0020	3
165.5	839	0.0002	0
165.5	842	0.0000	0
165.5	956	0.0031	1
165.5	963	0.0038	0
165.5	965	0.0087	1
165.5	1008	0.0093	0
165.5	1013	0.0085	1
165.5	1039	0.0031	1
165.5	1101	0.0099	1
165.5	1128	0.0052	2
165.5	1131	0.0028	1
165.5	1153	0.0091	2
165.5	1160	0.0007	2
165.6	330	0.0080	1
165.6	415	0.0099	1
165.6	754	0.0072	1
165.7	4	0.0029	1
165.7	241	0.0059	2
165.7	467	0.0058	1
165.7	468	0.0061	1
165.7	539	0.0051	1
165.7	607	0.0065	1
165.7	822	0.0010	1
165.7	996	0.0031	1
165.7	1001	0.0016	0
165.7	1007	0.0030	0
165.7	1085	0.0015	1
165.7	1138	0.0036	1
165.7	1139	0.0047	1
165.7	1142	0.0015	0
165.7	1145	0.0023	0
165.7	1146	0.0030	0
165.7	1209	0.0063	0
165.7	1274	0.0021	0
166.1	81	0.0007	1
166.1	82	0.0008	1
166.1	295	0.0089	2
166.1	578	0.0028	2
166.1	616	0.0000	2
166.1	629	0.0099	1
166.1	772	0.0000	1
166.1	773	0.0024	1
166.1	912	0.0053	1
166.1	939	0.0055	1
166.1	1021	0.0048	1
166.1	1045	0.0001	0
16.6	3	0.0006	1
16.6	82	0.0028	1
16.6	106	0.0022	0
16.6	265	0.0054	1
16.6	268	0.0016	1
16.6	424	0.0037	1
16.6	535	0.0023	1
16.6	869	0.0044	1
16.6	874	0.0078	1
16.6	1090	0.0023	1
16.6	1399	0.0005	1
168.1	125	0.0073	1
168.1	756	0.0055	2
168.1	849	0.0010	1
168.1	919	0.0011	1
169.1	53	0.0091	1
169.1	105	0.0002	1
169.1	120	0.0001	2
170.1	112	0.0001	1
170.1	182	0.0010	2
170.1	200	0.0002	1
170.1	209	0.0081	3
171.1	52	0.0091	1
171.1	153	0.0001	1
171.1	217	0.0001	1
171.1	269	0.0018	2
171.1	270	0.0009	2
171.1	373	0.0015	1
171.1	501	0.0099	1
171.1	600	0.0001	1
171.1	1032	0.0005	0
171.1	1034	0.0088	0
171.1	1035	0.0068	0
171.1	1037	0.0002	0
171.1	1048	0.0048	0
171.1	1049	0.0006	0
171.1	1079	0.0004	0
171.1	1080	0.0092	0
171.1	1127	0.0001	1
172.1	245	0.0073	1
172.1	343	0.0009	1
172.1	345	0.0078	1
172.1	1022	0.0032	1
172.1	1185	0.0033	1
172.1	1270	0.0019	3
17.3	748	0.0070	1
174.1	80	0.0014	1
174.1	146	0.0002	0
174.1	151	0.0016	0
174.1	157	0.0082	0
174.1	159	0.0002	0
174.1	559	0.0063	2
174.1	1114	0.0000	4
175.1	959	0.0073	0
176.2	49	0.0000	1
176.2	52	0.0000	4
176.2	91	0.0000	4
176.2	92	0.0000	2
176.2	368	0.0075	1
176.2	390	0.0066	1
176.2	496	0.0015	2
176.2	574	0.0046	1
176.2	575	0.0033	1
176.2	605	0.0000	2
176.2	607	0.0064	2
176.2	705	0.0002	1
176.2	724	0.0062	1
176.2	726	0.0040	1
176.2	823	0.0038	1
176.2	855	0.0007	2
176.2	976	0.0047	1
176.2	1236	0.0002	0
176.3	43	0.0010	1
176.3	48	0.0073	2
176.3	50	0.0043	1
176.3	206	0.0027	1
176.3	232	0.0033	1
176.3	235	0.0033	1
176.3	236	0.0062	1
176.3	266	0.0047	1
176.3	628	0.0017	1
176.3	651	0.0089	1
176.3	990	0.0001	2
178.3	784	0.0059	1
178.3	785	0.0019	1
178.3	849	0.0090	1
178.4	271	0.0094	1
178.8	779	0.0014	1
178.8	1118	0.0041	1
178.8	1129	0.0049	1
179.2	382	0.0058	1
179.2	546	0.0035	1
179.2	715	0.0035	2
179.2	719	0.0000	1
179.2	795	0.0072	2
179.2	858	0.0016	2
179.2	927	0.0053	3
179.2	994	0.0044	0
179.2	1066	0.0078	1
179.2	1087	0.0001	0
179.2	1088	0.0010	2
179.2	1107	0.0086	2
179.2	1201	0.0002	1
179.2	1242	0.0051	2
179.2	1271	0.0004	0
179.2	1431	0.0001	1
179.2	1443	0.0057	3
179.2	1556	0.0008	1
179.2	1567	0.0005	1
179.2	1589	0.0094	0
179.3	369	0.0003	1
179.3	373	0.0087	1
179.3	671	0.0009	1
179.3	1015	0.0006	1
179.5	181	0.0036	1
179.5	667	0.0069	1
180.1	322	0.0032	1
180.2	23	0.0032	3
180.2	28	0.0012	0
180.2	36	0.0003	1
180.2	37	0.0058	1
180.2	38	0.0020	1
180.2	43	0.0062	1
180.2	47	0.0076	1
180.2	69	0.0064	0
180.2	71	0.0000	2
180.2	73	0.0001	2
180.2	233	0.0075	3
180.2	443	0.0071	1
180.2	444	0.0002	1
180.2	447	0.0065	1
180.2	448	0.0095	1
180.2	625	0.0047	1
180.2	640	0.0001	3
180.2	641	0.0026	1
180.2	642	0.0000	1
180.2	837	0.0081	1
180.2	988	0.0067	1
180.2	995	0.0093	1
180.2	1010	0.0096	1
180.2	1015	0.0023	2
180.2	1033	0.0001	1
180.2	1058	0.0004	2
180.2	1060	0.0005	2
181.3	142	0.0015	1
181.3	167	0.0017	1
181.3	169	0.0041	1
181.3	261	0.0003	4
181.3	310	0.0000	1
181.3	333	0.0020	3
181.3	359	0.0075	2
181.3	372	0.0019	2
181.3	390	0.0022	2
181.3	504	0.0000	1
181.3	581	0.0001	1
181.3	582	0.0000	2
181.3	622	0.0001	1
181.3	648	0.0057	1
181.3	695	0.0031	2
181.3	734	0.0069	0
181.3	820	0.0028	3
181.3	826	0.0038	0
181.3	846	0.0031	2
181.3	868	0.0021	3
181.3	996	0.0001	2
181.3	1005	0.0001	1
181.3	1032	0.0091	1
181.3	1045	0.0079	1
181.3	1123	0.0065	1
181.3	1166	0.0074	0
181.3	1177	0.0037	1
181.3	1188	0.0016	0
181.3	1209	0.0089	0
181.3	1210	0.0001	2
181.3	1227	0.0044	1
181.3	1231	0.0047	1
181.3	1233	0.0007	3
181.3	1260	0.0003	1
181.3	1273	0.0014	0
181.3	1275	0.0041	0
181.3	1293	0.0048	1
181.3	1296	0.0001	1
181.3	1298	0.0020	1
181.3	1301	0.0046	1
181.3	1302	0.0036	1
181.3	1304	0.0096	1
181.3	1337	0.0016	1
181.3	1340	0.0023	1
181.3	1410	0.0020	1
181.3	1433	0.0060	0
181.3	1476	0.0057	2
181.3	1493	0.0044	3
181.3	1494	0.0003	1
181.3	1501	0.0038	2
181.3	1513	0.0002	0
181.3	1514	0.0043	0
181.4	81	0.0075	1
181.4	100	0.0058	1
181.4	103	0.0058	1
181.4	119	0.0075	1
181.4	129	0.0004	1
181.4	684	0.0041	1
18.1	571	0.0009	1
183.1	5	0.0042	2
183.1	8	0.0009	1
183.1	28	0.0077	1
183.1	76	0.0087	0
183.1	77	0.0080	0
183.1	102	0.0051	1
183.1	158	0.0007	1
183.1	196	0.0062	0
183.1	305	0.0004	1
183.1	710	0.0016	1
183.1	878	0.0094	1
183.1	891	0.0014	1
183.1	899	0.0032	1
183.1	944	0.0087	1
183.1	1064	0.0001	3
184.5	641	0.0068	2
184.5	646	0.0027	1
184.5	656	0.0006	2
184.5	659	0.0032	2
184.5	727	0.0025	0
185.1	31	0.0008	1
185.1	46	0.0003	2
185.1	48	0.0001	2
185.1	50	0.0034	2
185.1	62	0.0001	1
185.1	65	0.0053	1
185.1	73	0.0056	1
185.1	159	0.0030	1
185.1	184	0.0003	1
185.1	185	0.0092	1
185.1	186	0.0003	1
185.1	226	0.0041	1
185.1	272	0.0029	0
185.1	273	0.0016	2
186.1	541	0.0004	1
186.1	765	0.0095	1
187.1	173	0.0043	1
187.1	476	0.0011	2
187.1	477	0.0050	1
187.1	478	0.0038	1
187.1	480	0.0009	1
187.1	481	0.0003	2
187.1	482	0.0085	1
187.1	484	0.0001	4
187.1	572	0.0071	1
187.1	645	0.0025	3
187.1	688	0.0007	1
187.1	712	0.0007	2
187.1	787	0.0071	1
187.1	809	0.0080	1
189.1	641	0.0098	1
189.1	900	0.0000	3
189.1	911	0.0020	3
189.1	953	0.0042	1
189.1	961	0.0058	1
190.1	130	0.0004	2
190.1	426	0.0006	1
190.1	427	0.0006	1
190.1	429	0.0019	1
190.1	566	0.0000	1
190.1	567	0.0002	1
190.1	600	0.0003	1
190.1	601	0.0070	1
190.1	604	0.0024	2
190.1	697	0.0039	1
190.1	791	0.0033	1
190.1	967	0.0032	2
190.1	1153	0.0001	3
190.1	1154	0.0026	3
190.1	1155	0.0000	3
191.1	155	0.0000	2
191.1	797	0.0046	1
191.1	800	0.0082	1
191.1	833	0.0081	2
191.1	942	0.0036	1
19.1	43	0.0004	4
19.1	89	0.0051	0
19.1	92	0.0014	1
19.1	98	0.0039	3
19.1	104	0.0030	3
19.1	168	0.0012	2
19.1	223	0.0024	0
19.1	360	0.0003	1
19.1	435	0.0055	1
19.1	477	0.0000	1
19.1	478	0.0072	2
19.1	515	0.0000	5
19.1	718	0.0034	0
19.1	741	0.0014	1
195.1	36	0.0010	1
197.1	974	0.0034	1
198.1	4	0.0016	1
198.1	22	0.0012	0
198.1	68	0.0050	1
198.1	70	0.0013	1
198.1	621	0.0043	2
198.1	817	0.0001	1
201.1	20	0.0053	1
201.1	1138	0.0028	2
20.1	15	0.0069	0
20.1	17	0.0005	0
20.1	18	0.0036	0
20.1	20	0.0013	0
20.1	21	0.0010	0
20.1	23	0.0062	0
20.1	24	0.0065	0
20.1	27	0.0006	0
20.1	401	0.0049	4
20.1	801	0.0002	2
20.1	1406	0.0055	1
20.1	1410	0.0001	2
20.1	1412	0.0041	2
202.1	7	0.0056	2
204.1	405	0.0072	1
205.1	43	0.0060	0
205.1	49	0.0097	0
205.1	197	0.0058	1
205.1	201	0.0061	1
205.1	202	0.0000	1
205.1	282	0.0010	1
205.1	812	0.0000	1
205.1	814	0.0016	1
205.1	815	0.0012	1
205.1	826	0.0026	1
205.1	827	0.0017	1
205.1	1065	0.0002	1
205.1	1067	0.0003	1
205.1	1154	0.0026	2
205.1	1445	0.0013	1
205.1	1446	0.0013	1
206.1	812	0.0032	1
206.1	853	0.0097	1
206.1	1211	0.0021	1
207.1	220	0.0000	3
207.1	223	0.0003	0
207.1	227	0.0004	1
207.1	383	0.0077	1
207.1	477	0.0010	2
207.1	564	0.0032	1
207.1	565	0.0043	1
207.1	568	0.0012	2
207.1	574	0.0000	2
207.1	597	0.0035	2
209.1	96	0.0058	1
211.1	322	0.0029	1
211.1	1080	0.0032	1
21.1	29	0.0003	1
21.1	38	0.0003	2
21.1	55	0.0000	5
21.1	118	0.0018	2
21.1	135	0.0065	6
21.1	163	0.0000	1
21.1	166	0.0002	1
21.1	169	0.0009	1
21.1	181	0.0002	1
21.1	249	0.0004	3
21.1	381	0.0050	2
21.1	613	0.0001	3
21.1	633	0.0026	2
21.1	737	0.0037	2
21.1	970	0.0000	3
21.1	1614	0.0049	1
21.1	1618	0.0006	1
21.1	1622	0.0010	2
21.1	1700	0.0048	1
21.1	1709	0.0044	2
21.1	1710	0.0019	1
21.1	1732	0.0051	1
21.1	1752	0.0007	2
21.1	1763	0.0003	1
21.1	1886	0.0000	2
21.1	2044	0.0082	2
212.4	461	0.0083	1
213.1	207	0.0093	1
214.1	4	0.0066	2
214.1	11	0.0025	2
214.1	12	0.0054	2
214.1	73	0.0011	0
214.1	118	0.0079	2
214.1	394	0.0089	1
214.1	397	0.0087	1
214.1	448	0.0001	1
214.1	708	0.0009	0
214.1	721	0.0003	0
214.1	722	0.0042	0
214.1	723	0.0025	0
214.1	724	0.0041	0
214.1	725	0.0019	0
214.1	726	0.0094	0
214.1	1433	0.0021	1
214.1	1436	0.0071	1
214.1	1462	0.0008	0
214.1	1463	0.0017	0
214.1	1464	0.0065	0
214.1	1473	0.0006	0
214.1	1477	0.0031	0
215.1	151	0.0000	1
215.1	182	0.0030	1
215.1	186	0.0020	0
215.1	192	0.0043	1
215.1	301	0.0024	1
215.1	303	0.0022	1
215.1	395	0.0004	1
215.1	763	0.0096	1
215.1	765	0.0085	1
215.1	1153	0.0027	3
216.3	158	0.0100	0
216.3	159	0.0069	0
216.3	291	0.0039	1
216.3	508	0.0068	2
216.3	560	0.0034	1
216.3	724	0.0087	3
216.3	727	0.0061	2
216.3	807	0.0003	1
216.3	817	0.0076	0
216.3	893	0.0043	1
216.3	981	0.0097	0
216.3	1257	0.0023	2
217.1	678	0.0086	1
217.1	782	0.0030	1
221.2	4	0.0031	1
221.2	46	0.0023	1
221.2	110	0.0000	1
221.2	254	0.0036	1
221.2	377	0.0006	1
221.2	606	0.0071	1
221.2	614	0.0039	1
221.2	671	0.0000	3
221.2	684	0.0000	3
221.2	691	0.0000	2
221.2	706	0.0067	1
221.2	724	0.0002	2
221.2	954	0.0041	1
221.2	999	0.0003	2
221.2	1114	0.0003	3
221.2	1249	0.0006	1
221.2	1307	0.0056	2
221.2	1393	0.0030	1
221.2	1394	0.0060	1
22.1	364	0.0021	1
225.1	657	0.0009	1
225.1	873	0.0008	1
225.1	875	0.0081	1
225.1	877	0.0002	1
225.1	989	0.0042	1
225.1	1006	0.0048	0
228.1	421	0.0032	2
228.1	423	0.0039	1
230.1	573	0.0019	0
230.1	574	0.0017	0
230.1	641	0.0005	1
230.1	659	0.0041	0
230.1	660	0.0022	1
230.1	679	0.0047	2
230.1	1623	0.0008	1
23.1	12	0.0000	1
23.1	15	0.0004	1
23.1	24	0.0020	0
23.1	28	0.0012	0
23.1	30	0.0021	0
23.1	33	0.0054	1
23.1	35	0.0005	1
23.1	36	0.0023	0
23.1	39	0.0011	0
23.1	78	0.0003	1
23.1	79	0.0095	1
23.1	180	0.0000	2
23.1	181	0.0000	2
23.1	254	0.0098	1
23.1	256	0.0074	1
23.1	268	0.0005	1
23.1	269	0.0020	1
23.1	270	0.0009	1
23.1	374	0.0043	2
23.1	396	0.0000	1
23.1	398	0.0028	3
23.1	401	0.0000	2
23.1	454	0.0041	2
23.1	658	0.0048	1
23.1	662	0.0006	1
23.1	668	0.0006	1
23.1	708	0.0006	0
23.1	726	0.0022	1
23.1	753	0.0056	3
23.1	773	0.0008	2
23.1	774	0.0010	3
23.1	817	0.0039	3
23.1	840	0.0050	4
23.1	842	0.0054	5
23.1	950	0.0001	1
23.1	971	0.0050	2
23.1	1010	0.0011	4
23.1	1015	0.0026	2
23.1	1022	0.0058	1
23.1	1265	0.0040	1
233.1	255	0.0070	1
234.1	291	0.0026	1
234.1	320	0.0024	1
237.1	290	0.0020	2
238.2	306	0.0029	1
239.1	152	0.0056	1
239.1	154	0.0077	1
239.1	1071	0.0037	1
241.1	51	0.0069	1
241.1	103	0.0073	1
241.1	382	0.0079	1
241.1	385	0.0087	1
241.1	387	0.0055	1
241.1	390	0.0070	1
241.1	408	0.0000	0
241.1	1143	0.0035	1
241.1	1144	0.0014	1
241.1	1147	0.0022	1
241.1	1338	0.0002	1
241.1	1339	0.0012	0
241.1	1340	0.0001	0
241.1	1342	0.0007	1
24.1	332	0.0036	1
24.1	333	0.0029	1
24.1	344	0.0090	1
24.1	387	0.0078	2
24.1	790	0.0052	1
24.1	791	0.0031	1
24.1	1595	0.0056	1
24.1	1613	0.0080	2
245.1	592	0.0007	1
246.1	234	0.0083	1
248.1	233	0.0038	1
249.1	384	0.0069	1
25.1	791	0.0051	4
25.1	792	0.0058	2
25.1	793	0.0048	0
25.1	816	0.0047	1
252.1	284	0.0057	1
252.1	291	0.0002	1
252.1	458	0.0056	0
252.1	500	0.0053	1
257.1	41	0.0079	1
257.1	62	0.0081	2
257.1	95	0.0064	1
257.1	105	0.0068	1
257.1	119	0.0049	1
257.1	120	0.0073	1
257.1	653	0.0000	1
257.1	675	0.0022	1
257.1	682	0.0011	1
257.1	683	0.0092	1
257.1	895	0.0014	1
257.1	1037	0.0019	3
258.1	430	0.0051	1
258.1	1190	0.0005	1
26.1	12	0.0044	1
26.1	130	0.0001	3
26.1	1199	0.0001	4
26.1	1200	0.0007	3
26.1	1206	0.0058	1
26.1	1237	0.0099	4
263.1	830	0.0046	1
268.1	52	0.0009	1
270.1	48	0.0065	1
270.1	81	0.0055	1
273.1	416	0.0063	1
273.1	457	0.0040	0
273.1	691	0.0010	1
273.1	808	0.0061	1
276.1	340	0.0011	1
276.1	716	0.0022	1
276.1	964	0.0017	1
276.1	970	0.0020	1
276.1	1041	0.0032	1
276.1	1059	0.0038	1
277.1	345	0.0078	1
277.1	671	0.0026	2
277.1	1005	0.0031	0
277.1	1026	0.0037	2
279.1	424	0.0066	2
279.1	659	0.0072	1
279.1	878	0.0096	0
279.1	935	0.0035	1
279.1	941	0.0072	1
281.1	273	0.0009	1
281.1	470	0.0030	1
281.1	882	0.0012	1
281.1	1203	0.0002	1
281.1	1339	0.0042	2
281.1	1341	0.0019	2
28.1	52	0.0087	1
28.1	547	0.0079	1
28.1	783	0.0005	1
282.1	738	0.0034	1
285.1	130	0.0098	0
285.1	153	0.0072	1
289.1	343	0.0042	1
297.1	555	0.0003	1
297.1	556	0.0063	1
297.1	563	0.0072	1
297.1	565	0.0011	1
297.1	568	0.0044	1
298.1	812	0.0032	1
299.1	40	0.0036	1
30.1	659	0.0003	1
30.1	662	0.0002	2
30.1	765	0.0086	1
30.1	769	0.0003	2
30.1	771	0.0000	2
30.1	773	0.0038	1
30.1	781	0.0013	0
30.1	782	0.0000	2
303.1	828	0.0085	1
304.1	6	0.0077	1
304.1	8	0.0025	1
304.1	364	0.0014	0
306.1	479	0.0033	1
3.10	24	0.0062	1
31.1	521	0.0057	1
3.13	408	0.0020	2
3.13	471	0.0089	1
3.13	596	0.0020	1
3.13	661	0.0001	3
3.13	786	0.0023	1
3.13	882	0.0042	2
3.15	703	0.0074	1
3.17	318	0.0045	1
3.18	52	0.0044	2
3.18	430	0.0007	2
3.18	471	0.0041	1
3.18	664	0.0011	1
3.18	665	0.0009	1
3.18	708	0.0004	1
3.18	712	0.0054	2
3.18	884	0.0005	2
3.18	907	0.0046	0
3.18	909	0.0032	0
3.18	986	0.0070	1
3.18	993	0.0027	1
3.18	1004	0.0046	1
320.1	485	0.0070	1
32.1	639	0.0009	1
325.1	185	0.0079	1
326.1	302	0.0010	1
3.2	769	0.0026	1
33.1	147	0.0008	1
33.1	150	0.0035	1
33.1	246	0.0001	1
33.1	251	0.0004	1
33.1	382	0.0006	1
33.1	387	0.0010	1
33.1	455	0.0024	2
33.1	472	0.0011	1
33.1	482	0.0002	1
33.1	484	0.0093	1
33.1	703	0.0004	1
33.1	876	0.0040	1
33.1	920	0.0024	1
33.1	932	0.0055	1
33.1	959	0.0058	1
3.3	293	0.0089	1
3.3	318	0.0006	1
3.3	408	0.0010	2
3.3	475	0.0008	3
3.3	533	0.0075	0
3.3	578	0.0014	1
3.3	672	0.0015	4
3.3	718	0.0000	3
3.3	759	0.0062	2
3.3	786	0.0026	1
3.3	805	0.0021	3
3.3	815	0.0000	2
3.3	823	0.0029	3
3.3	915	0.0001	1
3.3	950	0.0000	1
3.3	953	0.0028	2
3.3	959	0.0006	1
3.3	962	0.0045	1
3.3	970	0.0039	1
3.3	991	0.0073	2
3.3	1026	0.0018	0
3.3	1029	0.0013	0
3.3	1078	0.0009	2
34.1	474	0.0041	1
36.1	137	0.0002	2
36.1	148	0.0026	3
36.1	218	0.0000	1
36.1	288	0.0059	1
36.1	353	0.0088	1
36.1	547	0.0000	1
36.1	548	0.0001	1
36.1	920	0.0004	1
36.1	1011	0.0088	0
36.1	1016	0.0010	0
37.1	71	0.0045	0
37.1	86	0.0009	1
37.1	145	0.0036	1
37.1	221	0.0034	0
37.1	533	0.0061	1
37.1	550	0.0043	1
37.1	554	0.0025	1
37.1	556	0.0063	1
37.1	559	0.0019	1
37.1	560	0.0021	2
37.1	562	0.0015	1
37.1	563	0.0022	1
37.1	565	0.0025	1
37.1	746	0.0001	1
37.1	1135	0.0073	1
37.1	1148	0.0048	1
37.1	1246	0.0069	1
3.8	292	0.0001	2
3.8	425	0.0000	5
3.8	429	0.0065	1
3.8	522	0.0036	0
3.8	642	0.0006	3
3.8	714	0.0056	2
3.8	778	0.0019	3
3.8	780	0.0061	2
3.8	836	0.0012	1
3.8	838	0.0008	1
3.8	855	0.0002	3
3.8	891	0.0008	0
3.8	899	0.0036	1
3.8	915	0.0069	1
3.8	958	0.0024	0
3.8	992	0.0087	1
3.8	994	0.0016	1
3.8	1000	0.0084	1
3.8	1010	0.0004	2
3.8	1012	0.0053	1
39.1	6	0.0000	3
39.1	24	0.0001	2
39.1	64	0.0002	7
39.1	70	0.0019	2
39.1	77	0.0062	2
39.1	78	0.0029	2
39.1	83	0.0009	3
39.1	91	0.0061	2
39.1	92	0.0004	1
39.1	94	0.0001	2
39.1	100	0.0000	2
39.1	105	0.0012	1
39.1	106	0.0000	2
39.1	125	0.0008	1
39.1	161	0.0015	1
39.1	165	0.0007	1
39.1	169	0.0018	1
39.1	178	0.0037	1
39.1	241	0.0080	1
39.1	242	0.0009	0
39.1	244	0.0011	0
39.1	249	0.0017	1
39.1	315	0.0000	5
39.1	431	0.0063	3
39.1	472	0.0001	4
39.1	475	0.0000	6
39.1	595	0.0010	1
39.1	598	0.0000	2
39.1	602	0.0068	4
39.1	604	0.0003	1
39.1	609	0.0010	2
39.1	643	0.0010	2
39.1	658	0.0028	2
39.1	668	0.0019	1
39.1	734	0.0012	3
39.1	747	0.0040	1
39.1	773	0.0008	1
39.1	779	0.0044	2
39.1	783	0.0089	6
39.1	786	0.0033	3
39.1	805	0.0000	4
39.1	831	0.0000	4
39.1	832	0.0000	3
39.1	848	0.0005	3
39.1	851	0.0000	2
39.1	856	0.0016	3
39.1	899	0.0001	3
39.1	903	0.0037	1
39.1	918	0.0053	1
39.1	1024	0.0040	2
39.1	1047	0.0081	3
39.1	1165	0.0085	1
39.1	1316	0.0007	3
39.1	1337	0.0084	3
39.1	1363	0.0036	2
39.1	1437	0.0004	1
39.1	1489	0.0003	1
39.1	1563	0.0004	1
39.1	1580	0.0013	1
39.1	1589	0.0000	1
39.1	1590	0.0002	2
39.1	1660	0.0029	2
39.1	1668	0.0000	2
39.1	1683	0.0003	1
39.1	1691	0.0089	2
39.1	1711	0.0024	2
39.1	1732	0.0000	3
39.1	1737	0.0031	1
39.1	1758	0.0099	1
39.1	1763	0.0003	2
39.1	1778	0.0000	3
39.1	1788	0.0001	8
39.1	1789	0.0000	4
39.1	1807	0.0072	1
39.1	1811	0.0003	1
39.1	1815	0.0041	1
39.1	1817	0.0018	1
3.9	376	0.0057	1
3.9	504	0.0002	0
3.9	513	0.0009	0
3.9	549	0.0054	1
3.9	557	0.0009	3
3.9	663	0.0076	1
3.9	757	0.0031	0
3.9	810	0.0009	1
3.9	823	0.0003	2
3.9	865	0.0092	4
3.9	899	0.0094	3
3.9	925	0.0022	1
3.9	943	0.0004	2
3.9	976	0.0018	0
3.9	1000	0.0043	1
3.9	1015	0.0010	1
3.9	1022	0.0085	1
40.1	167	0.0006	1
40.1	293	0.0070	3
40.1	329	0.0026	1
40.1	377	0.0019	1
40.1	380	0.0005	2
40.1	565	0.0000	1
40.1	567	0.0064	1
40.1	568	0.0001	1
40.1	974	0.0002	1
40.1	1004	0.0003	1
4.10	342	0.0016	1
4.10	371	0.0040	1
4.10	777	0.0036	1
4.10	1351	0.0055	1
4.10	1448	0.0039	1
4.11	115	0.0030	0
4.11	140	0.0098	1
4.11	205	0.0001	1
4.11	654	0.0004	1
4.11	709	0.0076	1
4.11	821	0.0026	0
4.11	822	0.0000	0
4.11	963	0.0001	3
4.11	966	0.0010	2
4.11	1469	0.0003	1
41.1	10	0.0029	4
41.1	12	0.0001	3
41.1	14	0.0028	2
41.1	21	0.0002	1
41.1	34	0.0046	1
41.1	37	0.0034	1
41.1	38	0.0019	0
41.1	41	0.0068	1
41.1	58	0.0052	1
41.1	64	0.0023	2
41.1	76	0.0004	1
41.1	166	0.0014	0
41.1	168	0.0096	1
41.1	188	0.0050	1
41.1	199	0.0080	1
41.1	203	0.0058	1
41.1	204	0.0094	1
41.1	215	0.0024	2
41.1	226	0.0073	2
41.1	707	0.0001	1
41.1	708	0.0005	3
41.1	709	0.0001	1
41.1	719	0.0004	3
41.1	754	0.0009	1
41.1	925	0.0001	3
41.1	1104	0.0027	2
41.1	1370	0.0000	1
41.1	1371	0.0000	1
41.1	1400	0.0004	1
41.1	1590	0.0000	1
41.1	1591	0.0000	1
41.1	1592	0.0000	1
41.1	1593	0.0000	1
41.1	1620	0.0001	1
41.1	1623	0.0056	1
41.1	1630	0.0020	1
41.1	1631	0.0041	1
41.1	1674	0.0081	1
41.1	1675	0.0001	1
41.1	1676	0.0061	1
41.1	1753	0.0054	1
41.1	1756	0.0001	1
41.1	1771	0.0001	1
41.1	1871	0.0001	1
41.1	2034	0.0003	2
41.1	2112	0.0010	1
41.1	2149	0.0038	1
41.1	2151	0.0005	2
41.1	2154	0.0020	1
41.1	2155	0.0006	1
41.1	2232	0.0058	1
41.1	2302	0.0049	1
41.1	2307	0.0030	2
41.1	2308	0.0023	2
41.1	2346	0.0007	1
41.1	2366	0.0001	2
41.1	2375	0.0000	1
41.1	2385	0.0011	0
41.1	2389	0.0001	2
41.1	2421	0.0002	3
41.1	2434	0.0008	3
41.1	2440	0.0016	2
41.1	2441	0.0001	3
41.1	2454	0.0009	1
41.1	2493	0.0000	3
41.1	2497	0.0000	2
41.1	2498	0.0000	3
4.13	139	0.0027	0
4.13	148	0.0008	1
4.13	224	0.0083	0
4.13	645	0.0003	1
4.13	674	0.0060	0
4.13	783	0.0050	0
4.13	885	0.0004	0
4.13	952	0.0005	2
4.13	968	0.0032	1
4.13	995	0.0030	1
4.13	1044	0.0014	2
4.13	1046	0.0005	1
4.13	1049	0.0001	2
4.13	1580	0.0025	2
4.13	1754	0.0003	1
4.13	1791	0.0032	1
4.13	1910	0.0002	1
4.13	1936	0.0002	1
4.13	1996	0.0040	2
4.16	460	0.0029	0
4.16	706	0.0011	1
4.16	745	0.0011	1
4.16	781	0.0021	3
4.16	827	0.0009	2
4.16	828	0.0078	0
4.16	851	0.0047	1
4.16	935	0.0002	1
4.16	937	0.0005	2
4.16	989	0.0001	1
4.16	1008	0.0000	1
4.16	1311	0.0008	1
4.16	1315	0.0078	1
4.16	1376	0.0005	1
4.16	1394	0.0002	1
4.16	1473	0.0006	1
4.16	1474	0.0005	1
4.16	1480	0.0007	1
4.16	1502	0.0058	2
4.16	1528	0.0013	1
4.16	1530	0.0042	2
4.16	1531	0.0012	1
4.16	1535	0.0003	3
4.16	1539	0.0000	3
4.16	1546	0.0015	1
4.16	1547	0.0002	1
4.16	1560	0.0000	3
42.1	660	0.0004	1
42.1	665	0.0054	2
42.1	733	0.0092	1
42.1	735	0.0084	1
42.1	736	0.0041	1
42.1	737	0.0068	1
42.1	740	0.0082	2
42.1	747	0.0020	1
42.1	755	0.0035	1
42.1	759	0.0038	2
42.1	938	0.0001	1
42.1	945	0.0085	1
42.1	1262	0.0086	3
42.1	1309	0.0000	2
42.1	1313	0.0001	1
42.1	1318	0.0049	1
42.1	1328	0.0001	2
42.1	1333	0.0098	2
42.1	1336	0.0000	2
42.1	1338	0.0017	2
42.1	1350	0.0001	2
43.1	994	0.0008	1
43.1	1159	0.0006	1
43.1	1230	0.0096	1
43.1	1231	0.0081	1
43.1	1233	0.0064	1
4.3	111	0.0077	0
4.3	129	0.0004	2
4.3	224	0.0002	2
4.3	237	0.0043	2
4.3	259	0.0039	1
4.3	295	0.0013	2
4.3	757	0.0026	0
4.3	935	0.0022	0
4.3	937	0.0087	0
4.3	1053	0.0073	1
4.3	1055	0.0001	1
4.3	1058	0.0006	1
4.3	1427	0.0063	0
4.3	1441	0.0037	1
4.3	1507	0.0086	0
44.1	501	0.0064	1
44.1	503	0.0033	1
44.1	647	0.0000	1
44.1	737	0.0000	3
44.1	967	0.0063	1
44.1	998	0.0068	1
44.1	1004	0.0073	1
44.1	1026	0.0006	1
44.1	1028	0.0006	1
44.1	1041	0.0001	6
44.1	1055	0.0080	1
44.1	1080	0.0003	3
44.1	1082	0.0001	2
44.1	1085	0.0003	2
46.1	159	0.0000	2
4.6	68	0.0073	1
4.6	97	0.0021	2
4.6	124	0.0082	1
4.6	439	0.0059	1
4.6	532	0.0096	1
4.6	533	0.0022	2
4.6	534	0.0045	1
4.6	734	0.0096	1
4.6	815	0.0016	1
4.6	883	0.0030	2
4.6	927	0.0010	0
47.1	344	0.0055	1
48.1	12	0.0077	0
48.1	101	0.0046	0
48.1	208	0.0000	6
48.1	425	0.0066	1
4.8	8	0.0050	2
4.8	96	0.0000	3
4.8	121	0.0005	2
4.8	411	0.0038	1
4.8	534	0.0012	1
4.8	539	0.0010	1
4.8	551	0.0045	2
4.8	552	0.0009	3
4.8	586	0.0076	1
4.8	693	0.0001	1
4.8	694	0.0006	1
4.8	709	0.0079	1
4.8	770	0.0028	1
4.8	865	0.0004	2
4.8	904	0.0000	0
4.8	906	0.0010	0
4.8	907	0.0024	1
4.8	926	0.0006	1
4.8	928	0.0018	0
4.8	935	0.0007	1
4.8	965	0.0002	1
4.8	991	0.0095	1
4.8	1029	0.0006	0
4.8	1111	0.0001	2
4.8	1190	0.0002	2
4.8	1199	0.0034	0
4.8	1432	0.0050	2
4.8	1445	0.0018	0
49.1	51	0.0003	5
49.1	113	0.0023	1
49.1	118	0.0016	1
49.1	120	0.0020	1
49.1	123	0.0035	1
49.1	127	0.0014	1
49.1	128	0.0044	1
49.1	469	0.0001	1
49.1	916	0.0002	1
49.1	1189	0.0027	1
49.1	1313	0.0014	1
49.1	1314	0.0017	1
4.9	861	0.0044	2
4.9	941	0.0034	1
4.9	1449	0.0048	0
50.1	727	0.0064	7
5.10	717	0.0076	1
5.10	1071	0.0087	1
5.10	1125	0.0026	1
5.12	6	0.0037	2
5.12	12	0.0007	3
5.12	100	0.0000	1
5.12	104	0.0001	1
5.12	106	0.0001	1
5.12	140	0.0090	2
5.12	141	0.0070	0
5.12	142	0.0007	3
5.12	302	0.0001	2
5.12	389	0.0046	1
5.12	434	0.0003	1
5.12	456	0.0039	1
5.12	483	0.0056	1
5.12	514	0.0099	1
5.12	658	0.0079	2
5.12	720	0.0040	1
5.12	722	0.0036	1
5.12	729	0.0078	1
5.12	732	0.0078	1
5.12	737	0.0000	5
5.12	744	0.0059	1
5.12	759	0.0000	1
5.12	760	0.0023	1
5.12	762	0.0045	1
5.12	786	0.0000	2
5.12	802	0.0001	0
5.12	807	0.0082	1
5.12	810	0.0069	2
5.12	854	0.0005	2
5.12	867	0.0003	4
5.12	937	0.0089	1
5.12	1025	0.0074	1
5.12	1031	0.0041	0
5.12	1039	0.0099	1
5.12	1040	0.0006	1
5.12	1047	0.0005	1
5.12	1104	0.0005	5
5.12	1106	0.0004	1
5.12	1107	0.0039	2
5.12	1160	0.0005	2
5.12	1251	0.0005	1
5.12	1255	0.0024	1
5.12	1256	0.0000	0
5.12	1263	0.0037	0
5.12	1273	0.0004	0
5.1	6	0.0001	2
5.1	8	0.0004	3
5.1	11	0.0015	1
5.1	15	0.0004	3
5.1	186	0.0096	0
5.1	231	0.0062	4
5.1	233	0.0022	2
5.1	914	0.0021	1
52.1	148	0.0009	1
5.2	320	0.0062	2
5.2	566	0.0006	1
5.2	802	0.0047	0
5.2	804	0.0046	2
5.2	845	0.0095	1
5.2	866	0.0029	1
5.2	1085	0.0032	1
53.1	339	0.0055	1
53.1	343	0.0001	1
53.1	362	0.0046	4
53.1	399	0.0049	5
53.1	403	0.0003	3
53.1	561	0.0051	2
53.1	608	0.0005	2
53.1	609	0.0076	1
53.1	611	0.0055	0
53.1	631	0.0006	2
53.1	643	0.0062	4
53.1	655	0.0001	3
53.1	739	0.0032	1
53.1	764	0.0015	4
53.1	844	0.0027	1
53.1	869	0.0003	3
53.1	878	0.0005	3
53.1	898	0.0000	1
53.1	900	0.0072	7
53.1	915	0.0029	2
54.1	13	0.0004	0
54.1	401	0.0038	1
54.1	417	0.0041	1
54.1	419	0.0089	1
54.1	1185	0.0001	1
54.1	1188	0.0076	1
54.1	1315	0.0001	1
54.1	1323	0.0005	1
54.1	1331	0.0045	1
5.4	156	0.0061	1
5.4	169	0.0027	1
5.4	187	0.0007	1
5.4	190	0.0024	1
5.4	200	0.0086	1
5.4	201	0.0016	1
5.4	202	0.0011	1
5.4	203	0.0004	1
5.4	204	0.0045	1
5.4	382	0.0040	2
5.4	456	0.0003	1
5.4	460	0.0003	1
5.4	461	0.0027	2
5.4	726	0.0072	1
5.4	772	0.0087	2
5.4	908	0.0078	1
5.4	1121	0.0062	1
5.4	1124	0.0055	1
55.1	360	0.0033	1
55.1	362	0.0031	1
5.5	541	0.0096	1
5.5	1108	0.0078	1
57.1	230	0.0014	2
57.1	489	0.0082	1
57.1	515	0.0000	3
57.1	571	0.0037	1
57.1	573	0.0000	1
57.1	690	0.0043	2
57.1	741	0.0087	2
57.1	1050	0.0098	1
57.1	1053	0.0000	1
57.1	1054	0.0001	2
57.1	1085	0.0045	1
57.1	1089	0.0020	1
57.1	1432	0.0096	1
5.7	122	0.0090	1
60.1	10	0.0013	1
60.1	28	0.0024	0
60.1	42	0.0056	0
60.1	654	0.0034	0
60.1	670	0.0075	0
60.1	721	0.0056	2
60.1	722	0.0000	2
60.1	748	0.0096	2
60.1	995	0.0000	5
60.1	1068	0.0076	1
60.1	1092	0.0006	1
6.10	352	0.0069	1
61.1	339	0.0022	2
6.12	665	0.0013	2
6.12	739	0.0067	2
6.14	639	0.0068	1
63.1	1032	0.0037	1
63.1	1099	0.0025	1
63.1	1125	0.0029	1
63.1	1127	0.0030	1
64.1	545	0.0000	3
64.1	554	0.0001	4
64.1	563	0.0004	1
64.1	674	0.0000	1
64.1	706	0.0006	1
64.1	714	0.0070	5
64.1	730	0.0010	1
64.1	831	0.0028	5
64.1	938	0.0050	0
64.1	941	0.0044	0
64.1	943	0.0075	1
64.1	945	0.0068	1
64.1	947	0.0076	0
64.1	995	0.0011	1
64.1	998	0.0004	1
64.1	1012	0.0012	1
64.1	1025	0.0019	5
64.1	1075	0.0016	1
64.1	1116	0.0005	1
64.1	1124	0.0000	1
64.1	1127	0.0001	1
64.1	1128	0.0000	1
64.1	1132	0.0003	2
6.4	657	0.0014	3
6.4	779	0.0007	3
65.1	98	0.0015	1
65.1	429	0.0011	1
65.1	552	0.0092	1
65.1	882	0.0035	0
6.6	181	0.0074	2
6.6	298	0.0004	0
6.6	620	0.0020	1
6.6	669	0.0021	1
6.6	689	0.0028	1
67.1	179	0.0049	1
67.1	320	0.0088	1
6.7	283	0.0042	2
68.1	879	0.0004	1
69.1	57	0.0073	1
69.1	84	0.0001	1
69.1	85	0.0007	1
69.1	96	0.0041	1
69.1	122	0.0069	1
69.1	136	0.0084	1
69.1	138	0.0049	0
69.1	146	0.0014	0
69.1	445	0.0004	1
69.1	550	0.0012	1
69.1	679	0.0033	1
69.1	691	0.0012	1
69.1	1051	0.0000	3
69.1	1120	0.0010	0
69.1	1150	0.0012	1
69.1	1152	0.0021	2
69.1	1155	0.0002	2
70.1	8	0.0063	1
70.1	29	0.0073	1
70.1	327	0.0075	4
70.1	1187	0.0001	4
71.1	130	0.0060	1
71.1	153	0.0059	1
71.1	177	0.0067	2
7.1	562	0.0053	0
7.1	883	0.0068	1
72.1	7	0.0006	1
72.1	634	0.0068	1
72.1	636	0.0031	1
72.1	638	0.0054	1
7.2	543	0.0009	1
7.2	631	0.0046	1
7.2	873	0.0063	1
73.1	144	0.0023	1
73.1	189	0.0000	3
73.1	190	0.0000	3
73.1	192	0.0000	1
73.1	202	0.0019	1
73.1	206	0.0000	4
73.1	207	0.0000	3
73.1	238	0.0020	2
73.1	297	0.0067	1
73.1	306	0.0100	1
73.1	309	0.0003	1
73.1	323	0.0064	1
73.1	330	0.0067	2
73.1	627	0.0048	3
73.1	628	0.0024	1
73.1	631	0.0036	2
73.1	652	0.0005	5
73.1	687	0.0015	1
73.1	688	0.0059	0
73.1	709	0.0002	1
73.1	713	0.0020	1
73.1	715	0.0047	1
73.1	763	0.0057	1
73.1	767	0.0000	3
73.1	805	0.0002	4
73.1	838	0.0020	5
73.1	858	0.0033	6
73.1	863	0.0000	5
73.1	868	0.0072	2
73.1	882	0.0002	1
73.1	884	0.0004	1
73.1	887	0.0007	1
73.1	892	0.0000	1
73.1	929	0.0038	1
73.1	967	0.0031	4
73.1	996	0.0002	3
73.1	1085	0.0015	2
73.1	1163	0.0000	3
73.1	1190	0.0038	3
73.1	1192	0.0005	1
73.1	1202	0.0097	4
73.1	1241	0.0002	3
73.1	1257	0.0037	1
73.1	1280	0.0000	11
7.3	52	0.0034	2
7.3	551	0.0079	0
7.3	552	0.0084	1
7.3	582	0.0022	2
7.3	652	0.0033	1
7.3	782	0.0064	0
74.1	34	0.0001	2
74.1	114	0.0090	1
74.1	226	0.0015	1
74.1	241	0.0002	3
74.1	605	0.0000	2
74.1	832	0.0064	1
74.1	838	0.0000	3
7.4	555	0.0083	2
7.4	651	0.0013	1
75.1	549	0.0017	1
7.5	159	0.0085	1
7.6	703	0.0086	1
77.1	110	0.0001	1
77.1	113	0.0043	1
77.1	114	0.0049	1
77.1	214	0.0050	1
77.1	216	0.0034	1
77.1	222	0.0018	1
77.1	228	0.0016	1
77.1	245	0.0017	1
77.1	470	0.0052	4
77.1	525	0.0040	0
77.1	529	0.0031	0
77.1	531	0.0017	0
77.1	537	0.0004	2
77.1	628	0.0064	1
77.1	631	0.0058	1
77.1	812	0.0076	1
77.1	996	0.0022	0
77.1	998	0.0022	1
77.1	1042	0.0073	1
7.7	230	0.0004	3
7.7	702	0.0019	1
7.7	778	0.0040	2
78.1	83	0.0079	3
78.1	110	0.0001	1
78.1	111	0.0007	1
78.1	121	0.0044	1
78.1	122	0.0066	1
78.1	254	0.0003	1
78.1	1078	0.0098	1
78.1	1220	0.0020	1
78.1	1223	0.0083	0
78.1	1227	0.0083	0
7.8	304	0.0004	1
7.8	320	0.0044	1
79.1	145	0.0000	1
79.1	214	0.0062	8
79.1	332	0.0001	1
79.1	709	0.0083	8
79.1	914	0.0000	3
79.1	962	0.0057	1
79.1	1066	0.0005	1
79.1	1097	0.0064	1
79.1	1101	0.0092	1
79.1	1169	0.0054	1
81.1	8	0.0077	1
82.1	5	0.0034	0
82.1	6	0.0050	0
82.1	15	0.0099	0
82.1	159	0.0043	1
82.1	951	0.0083	1
82.1	952	0.0015	1
82.1	1108	0.0030	1
82.1	1169	0.0088	3
8.2	838	0.0040	0
84.1	46	0.0054	1
84.1	52	0.0034	1
84.1	63	0.0057	1
84.1	78	0.0028	1
84.1	229	0.0008	1
84.1	366	0.0010	1
84.1	497	0.0092	2
84.1	1134	0.0037	2
84.1	1248	0.0082	2
84.1	1255	0.0039	1
8.4	65	0.0006	2
8.4	119	0.0093	0
8.4	268	0.0034	1
8.4	522	0.0020	3
8.4	601	0.0008	1
8.4	616	0.0002	2
8.4	620	0.0021	1
8.4	809	0.0060	2
8.4	811	0.0038	1
8.4	851	0.0045	4
8.5	65	0.0009	2
8.5	358	0.0061	1
8.5	522	0.0021	3
87.1	287	0.0040	1
88.1	11	0.0046	1
88.1	129	0.0009	1
88.1	156	0.0050	0
88.1	160	0.0070	0
88.1	1257	0.0002	1
88.1	1260	0.0045	1
89.1	412	0.0085	1
89.1	1131	0.0000	3
90.1	118	0.0015	3
90.1	227	0.0048	0
90.1	267	0.0019	2
90.1	342	0.0000	4
90.1	750	0.0013	1
90.1	793	0.0074	4
90.1	974	0.0001	2
90.1	1105	0.0009	5
90.1	1154	0.0039	1
90.1	1157	0.0044	1
90.1	1191	0.0064	1
90.1	1193	0.0009	1
90.1	1202	0.0006	1
91.1	24	0.0041	1
91.1	94	0.0001	2
91.1	211	0.0001	3
91.1	216	0.0000	1
91.1	276	0.0010	2
91.1	277	0.0010	1
91.1	291	0.0002	1
91.1	293	0.0011	1
91.1	306	0.0041	1
91.1	692	0.0036	2
91.1	1280	0.0019	1
91.1	1282	0.0000	1
91.1	1283	0.0007	1
91.1	1285	0.0019	1
91.1	1300	0.0019	2
92.1	2	0.0031	1
92.1	9	0.0068	0
92.1	72	0.0005	1
92.1	73	0.0000	1
92.1	74	0.0002	1
92.1	189	0.0033	1
92.1	753	0.0001	1
9.3	87	0.0077	1
9.3	89	0.0057	1
9.3	90	0.0045	1
9.3	217	0.0006	1
9.3	228	0.0002	1
9.3	234	0.0013	1
9.3	547	0.0003	1
9.3	563	0.0063	1
9.3	564	0.0081	3
9.3	663	0.0013	1
9.3	664	0.0014	1
9.3	828	0.0069	1
9.3	843	0.0008	1
94.1	905	0.0030	5
95.1	240	0.0021	1
96.1	16	0.0029	1
96.1	39	0.0014	1
96.1	45	0.0015	1
96.1	47	0.0001	2
96.1	57	0.0039	2
96.1	69	0.0010	1
96.1	184	0.0000	1
96.1	737	0.0039	3
96.1	1044	0.0001	1
96.1	1048	0.0004	1
96.1	1049	0.0003	1
97.1	15	0.0031	4
97.1	127	0.0004	1
97.1	130	0.0001	1
97.1	232	0.0059	1
97.1	247	0.0043	1
97.1	331	0.0010	3
97.1	745	0.0001	2
97.1	842	0.0017	3
98.1	156	0.0001	0
98.1	172	0.0013	3
98.1	210	0.0015	5
98.1	237	0.0009	4
98.1	253	0.0011	1
98.1	255	0.0025	1
98.1	260	0.0042	1
98.1	261	0.0027	1
98.1	271	0.0020	2
98.1	273	0.0096	2
98.1	282	0.0026	2
98.1	287	0.0019	1
98.1	296	0.0077	1
98.1	312	0.0010	0
98.1	321	0.0005	0
98.1	369	0.0003	4
98.1	387	0.0032	1
98.1	398	0.0009	2
98.1	400	0.0021	2
98.1	445	0.0026	1
98.1	452	0.0011	3
98.1	463	0.0063	2
98.1	468	0.0006	1
98.1	477	0.0059	0
98.1	493	0.0035	1
99.1	16	0.0000	3
99.1	22	0.0031	0
99.1	223	0.0000	0
99.1	716	0.0088	2
99.1	1049	0.0000	1
99.1	1284	0.0090	1
99.1	1343	0.0060	1
