100.1	159	0.9469
100.1	270	0.9622
101.1	86	0.9217
101.1	481	0.9428
101.1	580	0.9360
101.1	581	0.9185
101.1	584	0.9414
101.1	609	0.9352
101.1	892	0.9272
102.10	17	0.9530
102.10	18	0.9522
102.10	55	0.9227
102.10	57	0.9512
102.10	59	0.9403
102.10	60	0.9637
102.10	61	0.9300
102.10	325	0.9203
102.10	388	0.9378
102.10	446	0.9329
102.10	474	0.9308
102.10	514	0.9736
102.10	521	0.9280
102.10	758	0.9501
102.10	838	0.9667
102.10	1060	0.9328
102.2	325	0.9430
102.2	514	0.9470
102.2	843	0.9442
102.4	46	0.9020
102.4	60	0.9284
102.4	67	0.9004
102.4	446	0.9086
102.8	178	0.9084
10.2	20	0.9368
10.2	24	0.9004
10.2	31	0.9238
10.2	35	0.9008
10.2	44	0.9657
10.2	47	0.9847
10.2	52	0.9323
10.2	54	0.9088
10.2	106	0.9808
10.2	130	0.9732
10.2	239	0.9373
10.2	301	0.9623
10.2	391	0.9857
10.2	410	0.9543
10.2	425	0.9539
10.2	568	0.9757
10.2	572	0.9519
10.2	577	0.9620
10.2	594	0.9887
10.2	598	0.9899
10.2	648	0.9963
10.2	649	0.9711
10.2	668	0.9604
10.2	670	0.9823
10.2	671	0.9783
10.2	681	0.9276
10.2	682	0.9258
10.2	693	0.9846
10.2	694	0.9762
10.2	716	0.9980
10.2	717	0.9812
10.2	719	0.9802
10.2	736	0.9391
10.2	740	0.9929
10.2	743	0.9530
10.2	763	0.9811
10.2	764	0.9775
10.2	766	0.9372
10.2	782	0.9525
10.2	784	0.9893
10.2	785	0.9988
10.2	790	0.9471
10.2	798	0.9784
10.2	802	0.9825
10.2	814	0.9799
10.2	815	0.9820
10.2	818	0.9844
10.2	823	0.9190
10.2	826	0.9724
10.2	898	0.9694
10.2	900	0.9924
10.2	903	0.9610
10.2	951	0.9132
10.2	972	0.9871
10.2	974	0.9840
10.2	977	0.9733
10.2	995	0.9816
10.2	997	0.9526
10.2	999	0.9790
10.2	1000	0.9744
10.2	1016	0.9877
10.2	1018	0.9677
10.2	1020	0.9358
10.2	1021	0.9766
10.2	1039	0.9859
10.2	1041	0.9227
10.2	1055	0.9259
10.2	1063	0.9517
10.2	1067	0.9808
10.2	1071	0.9756
10.2	1086	0.9546
10.2	1103	0.9755
10.2	1105	0.9201
10.2	1132	0.9774
10.2	1133	0.9022
10.2	1174	0.9091
10.2	1176	0.9649
10.2	1179	0.9936
10.2	1182	0.9932
10.2	1201	0.9487
10.2	1205	0.9761
10.2	1206	0.9761
10.2	1207	0.9707
10.2	1209	0.9220
10.2	1210	0.9593
10.2	1211	0.9904
10.2	1237	0.9409
10.2	1248	0.9792
10.2	1249	0.9046
10.2	1250	0.9691
10.2	1251	0.9741
10.2	1255	0.9666
10.2	1262	0.9009
10.2	1306	0.9835
10.2	1315	0.9193
10.2	1361	0.9222
10.2	1365	0.9142
10.2	1366	0.9042
10.2	1383	0.9864
10.2	1387	0.9055
103.1	315	0.9162
103.1	374	0.9202
10.3	83	0.9517
10.3	278	0.9364
10.3	625	0.9171
10.3	658	0.9547
10.3	670	0.9891
10.3	673	0.9403
10.3	693	0.9593
10.3	694	0.9476
10.3	717	0.9967
10.3	718	0.9672
10.3	739	0.9744
10.3	740	0.9745
10.3	741	0.9618
10.3	761	0.9818
10.3	762	0.9934
10.3	767	0.9110
10.3	781	0.9554
10.3	842	0.9399
10.3	844	0.9448
10.3	846	0.9728
10.3	848	0.9566
10.3	866	0.9395
10.3	868	0.9718
10.3	871	0.9529
10.3	889	0.9590
10.3	893	0.9295
10.3	910	0.9764
10.3	915	0.9486
10.3	932	0.9652
10.3	933	0.9885
10.3	937	0.9669
10.3	940	0.9380
10.3	961	0.9874
10.3	965	0.9720
10.3	1100	0.9244
104.1	24	0.9836
104.1	25	0.9285
104.1	26	0.9972
104.1	29	0.9880
104.1	39	0.9968
104.1	57	0.9989
104.1	81	0.9956
104.1	108	0.9922
104.1	113	0.9917
104.1	142	0.9664
104.1	181	0.9789
104.1	213	0.9807
104.1	216	0.9868
104.1	245	0.9662
104.1	247	0.9505
104.1	256	0.9881
104.1	297	0.9873
104.1	314	0.9743
104.1	468	0.9858
104.1	479	0.9603
104.1	530	0.9226
104.1	534	0.9956
104.1	535	0.9104
104.1	538	0.9906
104.1	548	0.9729
104.1	552	0.9956
104.1	553	0.9938
104.1	554	0.9910
104.1	555	0.9729
104.1	557	0.9634
104.1	567	0.9975
104.1	569	0.9935
104.1	572	0.9961
104.1	581	0.9966
104.1	582	0.9965
104.1	583	0.9613
104.1	584	0.9988
104.1	585	0.9915
104.1	587	0.9910
104.1	588	0.9924
104.1	589	0.9590
104.1	593	0.9862
104.1	604	0.9873
104.1	607	0.9964
104.1	608	0.9230
104.1	610	0.9331
104.1	611	0.9234
104.1	625	0.9779
104.1	631	0.9710
104.1	632	0.9861
104.1	633	0.9749
104.1	634	0.9822
104.1	636	0.9895
104.1	653	0.9887
104.1	655	0.9938
104.1	672	0.9502
104.1	683	0.9369
104.1	693	0.9796
104.1	698	0.9893
104.1	700	0.9877
104.1	703	0.9928
104.1	707	0.9495
104.1	725	0.9886
104.1	728	0.9708
104.1	729	0.9578
104.1	730	0.9856
104.1	731	0.9826
104.1	756	0.9959
104.1	757	0.9850
104.1	761	0.9023
104.1	779	0.9029
104.1	780	0.9447
104.1	785	0.9648
104.1	803	0.9481
104.1	805	0.9801
104.1	807	0.9905
104.1	808	0.9685
104.1	826	0.9552
104.1	827	0.9031
104.1	828	0.9867
104.1	831	0.9828
104.1	832	0.9419
104.1	833	0.9418
104.1	834	0.9860
104.1	846	0.9720
104.1	849	0.9545
104.1	859	0.9057
104.1	863	0.9159
104.1	864	0.9308
105.1	19	0.9636
105.1	108	0.9478
105.1	126	0.9513
105.1	129	0.9827
105.1	164	0.9383
105.1	181	0.9744
105.1	244	0.9098
105.1	285	0.9129
105.1	470	0.9911
105.1	472	0.9222
105.1	515	0.9618
105.1	635	0.9592
105.1	649	0.9921
105.1	668	0.9699
105.1	800	0.9836
105.1	846	0.9182
105.1	898	0.9925
105.1	903	0.9986
105.1	1004	0.9378
105.1	1035	0.9614
105.1	1048	0.9695
105.1	1049	0.9959
105.1	1066	0.9761
105.1	1084	0.9317
105.1	1089	0.9676
105.1	1092	0.9373
105.1	1109	0.9818
10.5	3	0.9015
10.5	4	0.9141
10.5	31	0.9231
10.5	226	0.9038
10.5	403	0.9208
10.5	572	0.9551
10.5	576	0.9494
10.5	599	0.9392
10.5	627	0.9179
10.5	649	0.9426
10.5	660	0.9100
10.5	694	0.9047
10.5	697	0.9500
10.5	762	0.9213
10.5	776	0.9401
10.5	780	0.9534
10.5	795	0.9584
10.5	837	0.9373
10.5	839	0.9307
10.5	861	0.9546
10.5	865	0.9581
10.5	905	0.9042
10.5	928	0.9386
10.5	933	0.9177
10.5	956	0.9353
10.5	960	0.9569
10.5	1003	0.9282
10.5	1067	0.9179
10.5	1068	0.9548
10.5	1069	0.9780
10.5	1070	0.9098
10.5	1099	0.9153
10.5	1101	0.9082
10.5	1109	0.9095
10.5	1224	0.9230
106.1	124	0.9157
106.1	126	0.9253
106.1	167	0.9488
106.1	168	0.9268
106.1	170	0.9626
106.1	206	0.9547
106.1	345	0.9720
106.1	373	0.9179
106.1	509	0.9956
106.1	719	0.9651
106.1	820	0.9068
106.1	836	0.9002
106.1	1062	0.9874
106.1	1095	0.9155
106.1	1298	0.9659
106.1	1310	0.9805
106.1	1320	0.9361
106.1	1361	0.9671
106.1	1402	0.9263
106.1	1468	0.9787
106.1	1562	0.9600
106.1	1625	0.9565
106.1	1681	0.9832
107.1	150	0.9733
107.1	832	0.9684
108.8	4	0.9559
109.1	892	0.9277
110.1	88	0.9542
110.1	115	0.9661
110.1	154	0.9530
110.1	205	0.9940
110.1	472	0.9388
110.1	522	0.9375
110.1	558	0.9469
110.1	572	0.9607
110.1	660	0.9462
110.1	811	0.9131
110.1	834	0.9213
110.1	888	0.9355
110.1	927	0.9065
110.1	937	0.9734
110.1	1066	0.9415
110.1	1124	0.9219
1.10	535	0.9073
1.10	742	0.9176
1.10	786	0.9151
1.10	787	0.9144
1.10	912	0.9059
1.10	1103	0.9361
1.10	1163	0.9213
1.10	1221	0.9212
1.10	1292	0.9457
111.1	388	0.9281
111.1	396	0.9281
11.14	172	0.9406
11.14	223	0.9231
11.14	224	0.9237
112.1	23	0.9866
112.1	60	0.9239
112.1	86	0.9792
112.1	92	0.9125
112.1	113	0.9193
112.1	137	0.9261
112.1	176	0.9371
112.1	195	0.9978
112.1	880	0.9022
112.1	1061	0.9137
112.1	1066	0.9372
112.1	1204	0.9635
112.1	1271	0.9778
112.1	1284	0.9953
112.1	1297	0.9306
11.23	172	0.9130
113.1	391	0.9881
113.1	869	0.9148
113.1	1090	0.9205
113.1	1103	0.9780
113.1	1343	0.9456
1.13	206	0.9310
1.13	294	0.9618
1.13	444	0.9226
1.13	545	0.9714
1.13	608	0.9285
1.13	760	0.9246
1.13	829	0.9674
1.13	852	0.9013
1.13	965	0.9192
1.13	970	0.9364
1.13	1013	0.9159
1.13	1017	0.9575
1.13	1036	0.9904
1.13	1039	0.9915
1.13	1048	0.9472
1.13	1051	0.9640
1.13	1059	0.9763
1.13	1060	0.9496
1.13	1081	0.9252
1.13	1083	0.9478
1.13	1101	0.9591
1.13	1127	0.9789
1.13	1148	0.9011
1.13	1151	0.9002
1.13	1165	0.9127
1.13	1214	0.9213
1.13	1217	0.9357
1.13	1246	0.9086
1.13	1271	0.9484
1.13	1287	0.9496
1.13	1293	0.9395
1.13	1309	0.9135
1.13	1311	0.9681
1.13	1315	0.9514
1.13	1386	0.9824
1.13	1536	0.9171
1.14	443	0.9420
1.14	471	0.9223
1.14	553	0.9121
1.14	555	0.9131
1.14	585	0.9421
1.14	610	0.9108
1.14	652	0.9082
1.14	653	0.9053
1.14	689	0.9565
1.14	690	0.9237
1.14	693	0.9136
1.14	713	0.9496
1.14	733	0.9243
1.14	735	0.9136
1.14	753	0.9507
1.14	757	0.9620
1.14	778	0.9183
1.14	823	0.9352
1.14	919	0.9105
1.14	986	0.9094
1.14	1076	0.9005
1.14	1085	0.9170
1.14	1097	0.9094
1.14	1164	0.9372
1.14	1230	0.9058
1.14	1231	0.9591
1.14	1232	0.9166
1.14	1233	0.9132
1.14	1292	0.9445
1.14	1296	0.9089
1.14	1298	0.9161
1.14	1316	0.9794
1.14	1348	0.9189
1.14	1376	0.9392
1.14	1389	0.9321
1.14	1401	0.9619
1.14	1427	0.9079
115.1	238	0.9564
115.1	277	0.9479
115.1	317	0.9596
115.1	346	0.9428
115.1	350	0.9991
115.1	352	0.9769
115.1	397	0.9810
115.1	402	0.9290
115.1	410	0.9127
115.1	531	0.9369
115.1	536	0.9151
115.1	792	0.9801
115.1	827	0.9999
1.15	485	0.9113
1.15	553	0.9076
1.15	791	0.9156
1.15	1310	0.9471
1.15	1311	0.9395
116.1	164	0.9267
117.1	395	0.9618
117.1	406	0.9857
117.1	492	0.9346
117.1	577	0.9770
117.1	596	0.9924
117.1	644	0.9442
117.1	666	0.9638
117.1	677	0.9366
118.1	31	0.9842
118.1	182	0.9280
118.1	188	0.9181
118.1	223	0.9344
118.1	224	0.9396
1.18	2	0.9214
1.18	56	0.9140
1.18	610	0.9393
1.18	702	0.9043
1.18	768	0.9487
1.18	772	0.9031
1.18	828	0.9041
1.18	853	0.9270
1.18	878	0.9866
1.18	881	0.9037
1.18	898	0.9136
1.18	1013	0.9917
1.18	1027	0.9011
1.18	1035	0.9938
1.18	1044	0.9241
1.18	1059	0.9164
1.18	1165	0.9168
1.18	1262	0.9303
1.18	1264	0.9184
1.18	1282	0.9685
1.18	1286	0.9047
1.18	1315	0.9093
1.18	1330	0.9002
1.18	1356	0.9524
1.18	1360	0.9431
11.8	151	0.9416
11.8	165	0.9586
119.1	10	0.9364
119.1	13	0.9443
119.1	219	0.9348
119.1	383	0.9019
120.1	346	0.9211
120.1	350	0.9694
120.1	645	0.9177
120.1	680	0.9190
120.1	1203	0.9449
120.1	1240	0.9654
12.11	564	0.9431
12.11	570	0.9150
12.11	606	0.9282
12.11	607	0.9268
12.11	632	0.9349
121.1	70	0.9326
121.1	178	0.9024
1.21	56	0.9531
1.21	79	0.9370
1.21	237	0.9305
1.21	290	0.9745
1.21	438	0.9084
1.21	550	0.9458
1.21	602	0.9422
1.21	672	0.9303
1.21	704	0.9062
1.21	772	0.9747
1.21	776	0.9785
1.21	812	0.9706
1.21	885	0.9386
1.21	1015	0.9677
1.21	1085	0.9072
1.21	1170	0.9323
1.21	1172	0.9201
1.21	1191	0.9108
1.21	1216	0.9213
1.21	1280	0.9546
1.21	1316	0.9400
1.21	1484	0.9411
12.1	327	0.9023
1.22	958	0.9566
1.22	1036	0.9013
1.22	1199	0.9145
1.22	1351	0.9182
1.22	1353	0.9250
1.22	1363	0.9048
123.1	39	0.9037
123.1	47	0.9151
123.1	192	0.9553
1.23	213	0.9221
1.23	574	0.9219
1.23	893	0.9562
1.23	1370	0.9184
1.23	1371	0.9308
1.23	1439	0.9403
12.3	640	0.9576
12.3	715	0.9125
12.3	735	0.9325
12.3	790	0.9432
12.3	792	0.9305
12.3	795	0.9047
12.3	822	0.9066
12.3	844	0.9286
12.3	869	0.9333
124.1	55	0.9472
124.1	94	0.9724
124.1	197	0.9194
124.1	281	0.9232
124.1	288	0.9955
124.1	378	0.9383
12.4	240	0.9129
12.4	422	0.9311
12.4	744	0.9173
12.4	806	0.9009
125.1	212	0.9794
125.1	259	0.9341
125.1	531	0.9455
125.1	824	0.9099
125.1	914	0.9599
12.5	78	0.9275
12.5	560	0.9176
12.5	580	0.9274
12.5	605	0.9425
12.5	606	0.9037
12.5	610	0.9459
12.5	628	0.9258
12.5	639	0.9353
12.5	730	0.9413
12.5	790	0.9181
12.5	812	0.9124
12.5	891	0.9195
126.1	7	0.9729
126.1	77	0.9034
126.1	102	0.9567
126.1	187	0.9099
126.1	265	0.9757
126.1	290	0.9346
127.1	370	0.9096
127.1	649	0.9470
127.1	808	0.9122
1.27	23	0.9650
1.27	33	0.9312
1.27	43	0.9522
1.27	59	0.9875
1.27	74	0.9365
1.27	94	0.9576
1.27	187	0.9302
1.27	188	0.9939
1.27	220	0.9257
1.27	226	0.9353
1.27	227	0.9626
1.27	246	0.9667
1.27	247	0.9346
1.27	263	0.9552
1.27	277	0.9150
1.27	278	0.9775
1.27	292	0.9887
1.27	293	0.9914
1.27	301	0.9817
1.27	327	0.9632
1.27	335	0.9604
1.27	340	0.9783
1.27	353	0.9562
1.27	354	0.9406
1.27	366	0.9654
1.27	379	0.9100
1.27	387	0.9061
1.27	403	0.9337
1.27	414	0.9231
1.27	433	0.9616
1.27	446	0.9885
1.27	472	0.9417
1.27	473	0.9444
1.27	484	0.9458
1.27	512	0.9583
1.27	527	0.9290
1.27	562	0.9490
1.27	569	0.9313
1.27	598	0.9586
1.27	599	0.9850
1.27	624	0.9687
1.27	655	0.9106
1.27	666	0.9881
1.27	670	0.9087
1.27	678	0.9898
1.27	689	0.9625
1.27	718	0.9823
1.27	772	0.9510
1.27	777	0.9060
1.27	794	0.9387
1.27	795	0.9982
1.27	799	0.9907
1.27	835	0.9788
1.27	855	0.9544
1.27	856	0.9636
1.27	993	0.9470
1.27	1024	0.9476
1.27	1115	0.9688
1.27	1201	0.9231
1.27	1205	0.9094
1.27	1327	0.9275
1.27	1338	0.9362
1.27	1341	0.9116
1.27	1343	0.9573
1.27	1364	0.9561
1.27	1367	0.9291
1.27	1437	0.9965
1.27	1441	0.9805
1.27	1532	0.9610
1.27	1553	0.9052
1.27	1555	0.9052
1.27	1556	0.9918
1.27	1558	0.9465
1.27	1560	0.9322
1.27	1567	0.9610
1.27	1570	0.9903
1.27	1575	0.9140
1.27	1576	0.9645
1.27	1578	0.9930
1.27	1579	0.9536
1.27	1587	0.9799
1.27	1597	0.9628
1.27	1599	0.9842
1.27	1600	0.9601
1.27	1602	0.9442
1.27	1620	0.9803
1.27	1622	0.9916
1.27	1644	0.9839
1.27	1657	0.9561
1.27	1667	0.9443
1.27	1684	0.9537
1.27	1688	0.9756
1.27	1690	0.9245
1.27	1709	0.9399
1.27	1711	0.9558
1.27	1713	0.9558
1.27	1733	0.9810
1.27	1736	0.9410
1.27	1753	0.9165
1.27	1766	0.9113
1.27	1808	0.9576
1.27	1814	0.9933
1.27	1816	0.9156
1.27	1818	0.9500
1.27	1820	0.9279
1.27	1831	0.9245
1.27	1832	0.9770
1.27	1834	0.9334
1.27	1836	0.9321
1.27	1866	0.9897
1.27	1867	0.9689
1.27	1870	0.9627
1.27	1871	0.9510
1.27	1889	0.9467
1.27	1899	0.9193
1.27	1903	0.9373
1.27	1904	0.9176
1.27	1920	0.9015
12.7	598	0.9226
12.7	614	0.9367
12.7	946	0.9379
128.1	170	0.9225
129.1	29	0.9051
129.1	30	0.9420
129.1	114	0.9317
130.1	1178	0.9193
131.1	20	0.9156
131.1	31	0.9346
131.1	58	0.9622
131.1	259	0.9231
132.1	251	0.9091
133.1	134	0.9029
133.1	211	0.9012
133.1	266	0.9399
133.1	772	0.9765
133.1	825	0.9749
133.1	956	0.9624
133.1	1006	0.9724
133.1	1106	0.9701
133.1	1109	0.9660
134.11	67	0.9541
134.11	273	0.9360
134.11	479	0.9467
134.11	730	0.9051
134.4	532	0.9260
134.4	587	0.9061
134.4	675	0.9093
134.4	725	0.9581
134.4	738	0.9390
134.4	760	0.9189
134.5	67	0.9343
134.5	276	0.9202
134.5	324	0.9029
134.5	325	0.9149
134.5	480	0.9077
134.5	502	0.9103
134.5	503	0.9214
134.5	513	0.9167
134.8	560	0.9009
135.13	151	0.9319
135.13	886	0.9023
135.2	609	0.9201
13.5	48	0.9518
13.5	50	0.9069
13.5	54	0.9344
13.5	113	0.9068
13.5	479	0.9596
136.1	194	0.9715
137.1	165	0.9785
137.1	180	0.9233
137.1	209	0.9504
137.1	336	0.9163
137.1	348	0.9074
137.1	393	0.9261
137.1	509	0.9018
137.1	640	0.9060
137.1	764	0.9143
137.1	853	0.9175
137.1	877	0.9749
137.1	896	0.9489
137.1	924	0.9238
137.1	948	0.9581
137.1	952	0.9776
137.1	957	0.9548
137.1	994	0.9629
137.1	1004	0.9397
137.1	1154	0.9168
138.1	123	0.9790
138.1	125	0.9956
138.1	162	0.9659
138.1	236	0.9415
138.1	306	0.9129
138.1	335	0.9068
138.1	368	0.9258
138.1	379	0.9888
138.1	663	0.9859
138.1	689	0.9440
138.1	944	0.9797
138.1	968	0.9934
138.1	983	0.9843
138.1	1088	0.9131
138.1	1093	0.9089
138.1	1097	0.9103
138.1	1098	0.9476
139.1	76	0.9042
139.1	169	0.9143
139.1	170	0.9350
139.1	358	0.9193
139.1	373	0.9217
140.1	43	0.9912
140.1	86	0.9434
140.1	459	0.9845
140.1	697	0.9494
140.1	1095	0.9339
140.1	1099	0.9603
140.1	1124	0.9624
140.1	1213	0.9599
140.1	1231	0.9151
141.1	221	0.9054
141.1	425	0.9300
141.1	497	0.9427
141.1	502	0.9238
141.1	568	0.9865
141.1	667	0.9606
141.1	705	0.9098
141.1	769	0.9177
141.1	832	0.9536
141.1	894	0.9246
14.1	295	0.9042
14.1	308	0.9265
14.1	412	0.9480
14.1	591	0.9084
142.1	11	0.9648
142.1	83	0.9752
142.1	104	0.9261
142.1	177	0.9298
142.1	215	0.9256
142.1	485	0.9287
142.1	486	0.9800
142.1	510	0.9588
142.1	525	0.9378
142.1	662	0.9652
142.1	685	0.9146
142.1	953	0.9770
142.1	954	0.9303
142.1	982	0.9632
142.1	1037	0.9527
142.1	1079	0.9314
142.1	1103	0.9229
142.1	1226	0.9101
14.2	400	0.9004
14.2	406	0.9650
14.2	447	0.9039
14.2	666	0.9430
143.1	317	0.9061
143.1	1342	0.9214
144.1	130	0.9566
145.1	57	0.9651
145.1	211	0.9387
145.1	480	0.9374
145.1	483	0.9317
145.1	491	0.9158
145.1	493	0.9150
145.1	497	0.9559
145.1	500	0.9279
145.1	501	0.9019
145.1	505	0.9825
145.1	522	0.9077
145.1	525	0.9017
145.1	528	0.9258
146.1	33	0.9882
146.1	77	0.9947
146.1	90	0.9862
146.1	295	0.9580
146.1	331	0.9095
146.1	371	0.9004
146.1	381	0.9027
146.1	413	0.9376
146.1	439	0.9287
146.1	449	0.9677
146.1	450	0.9207
146.1	468	0.9242
146.1	479	0.9575
146.1	543	0.9271
147.1	65	0.9009
147.1	195	0.9010
149.1	91	0.9141
149.1	98	0.9013
149.1	99	0.9104
149.1	105	0.9629
149.1	190	0.9740
149.1	288	0.9325
149.1	543	0.9180
149.1	561	0.9434
149.1	792	0.9015
149.1	796	0.9437
149.1	830	0.9363
149.1	856	0.9218
149.1	944	0.9207
149.1	952	0.9443
149.1	956	0.9036
150.1	92	0.9289
150.1	185	0.9015
150.1	189	0.9689
150.1	232	0.9556
151.12	111	0.9519
151.1	84	0.9236
151.1	85	0.9029
151.1	94	0.9019
15.1	98	0.9183
15.1	107	0.9787
15.1	126	0.9601
15.1	179	0.9688
15.1	518	0.9344
15.1	525	0.9765
15.1	619	0.9307
15.1	620	0.9296
15.1	627	0.9310
15.1	650	0.9282
15.1	698	0.9642
15.1	700	0.9705
15.1	747	0.9378
15.1	768	0.9403
15.1	790	0.9659
15.1	792	0.9499
15.1	797	0.9246
15.1	864	0.9451
15.1	956	0.9369
15.1	960	0.9405
15.1	982	0.9255
15.1	1001	0.9100
15.1	1029	0.9378
15.1	1030	0.9394
15.1	1139	0.9377
15.1	1187	0.9110
152.1	836	0.9376
15.2	49	0.9103
15.2	343	0.9081
15.2	450	0.9497
15.2	532	0.9309
15.2	586	0.9242
15.2	631	0.9677
15.2	673	0.9442
15.2	682	0.9889
15.2	725	0.9419
15.2	824	0.9205
15.2	848	0.9152
15.2	870	0.9322
15.2	873	0.9356
15.2	875	0.9760
15.2	895	0.9342
15.2	896	0.9438
15.2	919	0.9192
15.2	941	0.9373
15.2	960	0.9168
15.2	967	0.9458
15.2	986	0.9410
15.2	988	0.9572
15.2	991	0.9149
15.2	1055	0.9916
15.2	1079	0.9402
15.2	1081	0.9613
15.2	1083	0.9034
15.2	1105	0.9361
15.2	1125	0.9319
15.2	1129	0.9401
15.2	1173	0.9164
15.2	1175	0.9545
15.2	1201	0.9689
15.2	1203	0.9737
153.1	24	0.9794
153.1	70	0.9168
153.1	191	0.9006
153.1	568	0.9273
153.1	792	0.9168
153.1	855	0.9270
153.1	871	0.9012
153.1	935	0.9059
153.1	938	0.9441
153.1	1038	0.9353
153.1	1108	0.9157
15.3	92	0.9148
15.3	104	0.9063
15.3	107	0.9651
15.3	126	0.9790
15.3	196	0.9086
15.3	300	0.9515
15.3	422	0.9505
15.3	493	0.9487
15.3	495	0.9461
15.3	497	0.9667
15.3	518	0.9614
15.3	525	0.9669
15.3	543	0.9548
15.3	545	0.9918
15.3	577	0.9626
15.3	582	0.9605
15.3	621	0.9669
15.3	631	0.9146
15.3	635	0.9035
15.3	651	0.9827
15.3	652	0.9648
15.3	655	0.9807
15.3	677	0.9255
15.3	711	0.9350
15.3	727	0.9408
15.3	735	0.9206
15.3	753	0.9841
15.3	760	0.9630
15.3	768	0.9544
15.3	779	0.9547
15.3	801	0.9288
15.3	803	0.9945
15.3	805	0.9305
15.3	809	0.9685
15.3	810	0.9377
15.3	827	0.9213
15.3	829	0.9841
15.3	878	0.9304
15.3	891	0.9507
15.3	898	0.9600
15.3	924	0.9274
15.3	926	0.9118
15.3	929	0.9743
15.3	937	0.9484
15.3	945	0.9308
15.3	1042	0.9772
15.3	1044	0.9209
15.3	1045	0.9146
15.3	1066	0.9601
15.3	1073	0.9383
15.3	1136	0.9174
15.3	1140	0.9449
15.3	1145	0.9327
15.3	1165	0.9655
15.3	1186	0.9531
15.3	1189	0.9828
15.3	1191	0.9688
15.3	1192	0.9325
15.3	1193	0.9218
15.3	1194	0.9168
15.3	1215	0.9412
15.3	1235	0.9662
15.3	1239	0.9737
15.3	1241	0.9357
15.3	1261	0.9223
15.3	1264	0.9170
15.3	1286	0.9618
15.3	1311	0.9669
154.1	100	0.9995
154.1	196	0.9955
154.1	590	0.9167
154.1	668	0.9972
154.1	904	0.9142
15.4	27	0.9910
15.4	84	0.9255
15.4	91	0.9357
15.4	139	0.9632
15.4	145	0.9256
15.4	146	0.9131
15.4	156	0.9556
15.4	158	0.9832
15.4	162	0.9753
15.4	172	0.9654
15.4	322	0.9531
15.4	327	0.9537
15.4	337	0.9043
15.4	366	0.9676
15.4	370	0.9717
15.4	395	0.9147
15.4	507	0.9951
15.4	537	0.9486
15.4	538	0.9768
15.4	544	0.9756
15.4	565	0.9325
15.4	570	0.9906
15.4	583	0.9784
15.4	590	0.9349
15.4	611	0.9588
15.4	614	0.9601
15.4	636	0.9436
15.4	661	0.9919
15.4	663	0.9959
15.4	664	0.9338
15.4	665	0.9555
15.4	686	0.9265
15.4	695	0.9378
15.4	712	0.9236
15.4	719	0.9365
15.4	721	0.9225
15.4	738	0.9667
15.4	740	0.9784
15.4	760	0.9219
15.4	762	0.9950
15.4	764	0.9862
15.4	768	0.9733
15.4	769	0.9578
15.4	786	0.9842
15.4	788	0.9919
15.4	790	0.9759
15.4	791	0.9643
15.4	798	0.9397
15.4	810	0.9399
15.4	812	0.9821
15.4	813	0.9156
15.4	837	0.9876
15.4	838	0.9756
15.4	841	0.9312
15.4	843	0.9782
15.4	850	0.9290
15.4	880	0.9310
15.4	883	0.9485
15.4	885	0.9710
15.4	886	0.9800
15.4	888	0.9119
15.4	896	0.9674
15.4	916	0.9834
15.4	919	0.9647
15.4	930	0.9900
15.4	932	0.9379
15.4	933	0.9551
15.4	935	0.9378
15.4	937	0.9597
15.4	939	0.9186
15.4	955	0.9837
15.4	958	0.9584
15.4	977	0.9711
15.4	981	0.9698
15.4	982	0.9214
15.4	1000	0.9430
15.4	1002	0.9974
15.4	1015	0.9562
15.4	1025	0.9612
15.4	1094	0.9393
15.4	1096	0.9600
15.4	1099	0.9438
15.4	1122	0.9645
15.4	1142	0.9830
15.4	1144	0.9737
15.4	1146	0.9525
15.4	1148	0.9833
15.4	1158	0.9501
15.4	1168	0.9556
15.4	1193	0.9617
15.4	1250	0.9273
15.4	1253	0.9467
15.4	1254	0.9117
15.4	1260	0.9489
15.4	1273	0.9002
15.4	1275	0.9853
155.1	348	0.9116
155.1	1206	0.9727
155.1	1509	0.9608
155.1	1574	0.9241
155.1	1603	0.9200
156.1	833	0.9528
15.6	66	0.9113
15.6	156	0.9251
15.6	466	0.9019
15.6	493	0.9448
15.6	810	0.9033
15.6	904	0.9731
15.6	975	0.9016
15.6	997	0.9093
15.6	1143	0.9122
157.1	73	0.9557
159.1	698	0.9017
159.1	783	0.9410
159.1	790	0.9064
159.1	794	0.9040
159.1	853	0.9312
159.1	1085	0.9261
160.1	60	0.9468
160.1	324	0.9617
160.1	328	0.9364
160.1	350	0.9543
160.1	388	0.9350
160.1	396	0.9077
160.1	518	0.9132
160.1	534	0.9577
160.1	576	0.9081
160.1	585	0.9352
160.1	661	0.9514
160.1	715	0.9244
160.1	740	0.9944
160.1	741	0.9232
160.1	742	0.9359
160.1	744	0.9740
160.1	755	0.9000
160.1	762	0.9169
160.1	769	0.9205
160.1	771	0.9151
160.1	784	0.9570
160.1	794	0.9210
160.1	797	0.9490
160.1	820	0.9743
160.1	822	0.9366
160.1	869	0.9279
160.1	910	0.9173
160.1	913	0.9166
160.1	923	0.9502
160.1	926	0.9639
160.1	928	0.9748
160.1	930	0.9428
160.1	980	0.9482
160.1	1000	0.9037
160.1	1003	0.9234
160.1	1004	0.9429
160.1	1027	0.9293
160.1	1050	0.9051
160.1	1078	0.9610
160.1	1128	0.9389
160.1	1161	0.9097
160.1	1166	0.9008
160.1	1181	0.9196
160.1	1271	0.9056
160.1	1357	0.9222
160.1	1399	0.9370
160.1	1409	0.9371
160.1	1410	0.9684
160.1	1412	0.9050
160.1	1414	0.9351
160.1	1422	0.9362
160.1	1429	0.9976
160.1	1431	0.9753
160.1	1436	0.9089
160.1	1470	0.9054
160.1	1472	0.9732
160.1	1490	0.9833
160.1	1493	0.9858
160.1	1513	0.9085
160.1	1514	0.9238
160.1	1689	0.9171
160.1	1690	0.9188
160.1	1712	0.9272
160.1	1761	0.9095
160.1	1834	0.9225
16.10	51	0.9163
16.10	54	0.9069
16.10	59	0.9101
16.10	137	0.9341
16.10	246	0.9397
16.10	399	0.9286
16.10	477	0.9086
16.10	706	0.9050
16.11	192	0.9382
16.11	368	0.9377
16.11	768	0.9136
16.11	794	0.9548
161.1	381	0.9277
161.1	394	0.9204
161.1	726	0.9549
16.2	30	0.9556
16.2	103	0.9390
16.2	122	0.9389
16.2	145	0.9273
16.2	401	0.9250
16.2	402	0.9479
16.2	404	0.9249
16.2	436	0.9622
16.2	443	0.9429
16.2	464	0.9055
16.2	475	0.9515
16.2	487	0.9240
16.2	543	0.9071
16.2	554	0.9160
16.2	579	0.9648
16.2	602	0.9155
16.2	610	0.9491
16.2	649	0.9034
16.2	662	0.9351
16.2	668	0.9282
16.2	785	0.9029
16.2	834	0.9272
16.2	838	0.9158
16.2	871	0.9431
16.2	879	0.9471
16.2	906	0.9276
16.2	919	0.9407
16.2	1005	0.9198
16.2	1013	0.9204
16.2	1018	0.9375
16.2	1025	0.9256
16.2	1148	0.9453
16.2	1153	0.9425
16.2	1183	0.9188
16.2	1191	0.9053
16.2	1200	0.9147
16.2	1237	0.9175
16.2	1263	0.9113
16.2	1563	0.9073
163.3	93	0.9443
163.3	487	0.9818
163.3	489	0.9691
163.3	1215	0.9027
163.7	8	0.9042
163.7	231	0.9292
163.7	242	0.9394
163.7	488	0.9280
163.7	717	0.9154
164.1	4	0.9729
164.1	119	0.9415
164.1	143	0.9268
164.1	489	0.9306
164.1	1087	0.9158
164.1	1114	0.9270
164.1	1117	0.9595
164.1	1124	0.9164
164.1	1150	0.9215
164.1	1157	0.9345
164.1	1167	0.9245
164.1	1181	0.9246
164.1	1209	0.9194
164.1	1215	0.9135
164.1	1237	0.9335
164.1	1325	0.9175
164.1	1330	0.9309
164.1	1331	0.9160
164.1	1546	0.9256
165.5	613	0.9274
165.5	711	0.9700
165.5	786	0.9722
165.5	965	0.9035
165.5	1120	0.9064
165.5	1173	0.9260
165.5	1203	0.9787
165.5	1204	0.9405
165.6	211	0.9213
165.6	692	0.9011
165.7	24	0.9249
165.7	29	0.9271
165.7	92	0.9364
165.7	185	0.9417
165.7	186	0.9516
165.7	257	0.9074
165.7	286	0.9055
165.7	318	0.9403
165.7	606	0.9167
165.7	609	0.9841
165.7	703	0.9014
165.7	735	0.9243
165.7	762	0.9559
165.7	766	0.9054
165.7	787	0.9327
165.7	832	0.9626
165.7	854	0.9052
165.7	919	0.9424
165.7	920	0.9102
165.7	1013	0.9388
165.7	1014	0.9762
165.7	1016	0.9482
165.7	1018	0.9310
165.7	1036	0.9888
165.7	1045	0.9248
165.7	1058	0.9083
165.7	1080	0.9535
165.7	1081	0.9112
165.7	1134	0.9660
165.7	1255	0.9023
165.7	1278	0.9202
165.7	1281	0.9108
165.7	1311	0.9028
165.7	1387	0.9190
165.7	1392	0.9574
16.6	366	0.9258
16.6	375	0.9070
16.6	379	0.9054
16.6	422	0.9621
16.6	424	0.9932
16.6	484	0.9535
16.6	1261	0.9264
168.1	33	0.9123
168.1	75	0.9103
168.1	756	0.9144
169.1	184	0.9443
169.1	217	0.9249
169.1	572	0.9651
170.1	20	0.9783
170.1	38	0.9520
170.1	40	0.9692
170.1	47	0.9453
170.1	71	0.9491
170.1	75	0.9186
170.1	153	0.9951
170.1	174	0.9729
170.1	182	0.9927
170.1	189	0.9653
170.1	205	0.9357
170.1	207	0.9079
170.1	218	0.9407
170.1	238	0.9782
170.1	247	0.9018
170.1	250	0.9281
170.1	269	0.9288
170.1	330	0.9198
170.1	421	0.9066
170.1	498	0.9524
170.1	550	0.9374
170.1	563	0.9486
170.1	608	0.9142
170.1	663	0.9508
170.1	765	0.9551
170.1	767	0.9622
170.1	834	0.9259
170.1	862	0.9690
170.1	887	0.9590
170.1	932	0.9477
170.1	939	0.9749
170.1	950	0.9149
170.1	1014	0.9015
170.1	1029	0.9516
171.1	1213	0.9019
172.1	44	0.9116
172.1	1205	0.9575
172.1	1268	0.9235
172.1	1269	0.9934
172.1	1274	0.9702
172.1	1276	0.9372
173.1	34	0.9729
173.1	50	0.9613
173.1	55	0.9069
174.1	85	0.9102
174.1	97	0.9489
174.1	99	0.9631
174.1	101	0.9699
174.1	125	0.9278
174.1	133	0.9347
174.1	146	0.9760
174.1	157	0.9164
174.1	159	0.9657
174.1	177	0.9214
174.1	257	0.9178
174.1	372	0.9449
174.1	652	0.9327
174.1	656	0.9175
174.1	657	0.9597
174.1	663	0.9601
174.1	683	0.9640
174.1	710	0.9918
174.1	775	0.9608
174.1	833	0.9599
174.1	839	0.9242
174.1	851	0.9435
174.1	1052	0.9325
174.1	1137	0.9225
17.4	694	0.9234
17.4	871	0.9175
175.1	82	0.9151
175.1	166	0.9546
175.1	228	0.9054
175.1	246	0.9071
175.1	258	0.9110
175.1	345	0.9524
175.1	439	0.9153
175.1	444	0.9426
175.1	946	0.9492
175.1	968	0.9145
176.2	52	0.9665
176.2	91	0.9583
176.2	92	0.9921
176.2	218	0.9114
176.2	542	0.9081
176.2	607	0.9534
176.2	718	0.9103
176.2	766	0.9299
176.2	806	0.9289
176.2	811	0.9054
176.2	830	0.9286
176.2	903	0.9302
176.2	906	0.9183
176.2	955	0.9610
176.2	978	0.9211
176.2	1045	0.9095
176.2	1213	0.9597
176.2	1217	0.9155
176.2	1241	0.9422
176.2	1277	0.9143
176.3	573	0.9100
176.3	920	0.9069
176.3	1187	0.9065
176.3	1188	0.9268
176.3	1212	0.9590
177.1	3	0.9535
177.1	25	0.9333
178.3	785	0.9130
178.3	806	0.9261
178.3	831	0.9502
178.3	833	0.9727
178.3	846	0.9482
178.3	849	0.9158
178.3	854	0.9420
178.3	871	0.9136
178.3	916	0.9072
178.3	957	0.9331
178.3	963	0.9120
178.3	968	0.9107
178.3	1003	0.9262
178.4	277	0.9687
178.4	875	0.9245
178.4	1022	0.9050
178.8	576	0.9062
178.8	577	0.9109
178.8	779	0.9220
178.8	919	0.9517
178.8	1055	0.9303
178.8	1068	0.9001
178.8	1079	0.9224
178.8	1141	0.9158
179.2	517	0.9278
179.2	676	0.9068
179.2	702	0.9545
179.2	703	0.9272
179.2	753	0.9488
179.2	760	0.9240
179.2	775	0.9900
179.2	783	0.9541
179.2	792	0.9076
179.2	795	0.9752
179.2	803	0.9475
179.2	858	0.9231
179.2	882	0.9810
179.2	889	0.9860
179.2	893	0.9827
179.2	899	0.9131
179.2	918	0.9629
179.2	920	0.9546
179.2	921	0.9843
179.2	922	0.9827
179.2	926	0.9288
179.2	927	0.9802
179.2	947	0.9323
179.2	969	0.9918
179.2	973	0.9436
179.2	982	0.9190
179.2	991	0.9566
179.2	992	0.9826
179.2	994	0.9796
179.2	996	0.9698
179.2	997	0.9844
179.2	1011	0.9289
179.2	1015	0.9728
179.2	1019	0.9936
179.2	1039	0.9345
179.2	1043	0.9220
179.2	1047	0.9536
179.2	1054	0.9395
179.2	1087	0.9403
179.2	1088	0.9684
179.2	1091	0.9474
179.2	1092	0.9551
179.2	1095	0.9910
179.2	1107	0.9713
179.2	1123	0.9311
179.2	1128	0.9518
179.2	1130	0.9798
179.2	1137	0.9044
179.2	1155	0.9861
179.2	1178	0.9836
179.2	1180	0.9319
179.2	1183	0.9637
179.2	1224	0.9431
179.2	1243	0.9364
179.2	1245	0.9866
179.2	1265	0.9263
179.2	1268	0.9688
179.2	1271	0.9708
179.2	1290	0.9662
179.2	1293	0.9704
179.2	1348	0.9279
179.2	1368	0.9278
179.2	1371	0.9160
179.2	1377	0.9711
179.2	1378	0.9232
179.2	1431	0.9115
179.2	1443	0.9452
179.2	1467	0.9770
179.2	1510	0.9738
179.2	1518	0.9238
179.2	1628	0.9389
179.3	240	0.9336
179.3	516	0.9752
179.3	539	0.9079
179.3	694	0.9368
179.3	758	0.9052
179.3	1006	0.9520
179.3	1011	0.9503
179.3	1028	0.9617
179.3	1125	0.9083
179.3	1126	0.9666
179.5	201	0.9281
179.5	202	0.9712
179.5	574	0.9022
179.5	616	0.9114
179.5	620	0.9335
179.5	735	0.9711
179.5	916	0.9038
179.5	1569	0.9329
180.1	198	0.9095
180.1	619	0.9157
180.2	70	0.9209
180.2	159	0.9211
180.2	233	0.9535
180.2	245	0.9252
180.2	642	0.9615
180.2	1060	0.9242
180.2	1262	0.9671
181.3	206	0.9168
181.3	310	0.9323
181.3	324	0.9229
181.3	359	0.9154
181.3	410	0.9101
181.3	622	0.9704
181.3	624	0.9201
181.3	868	0.9598
181.3	1166	0.9801
181.3	1188	0.9152
181.3	1232	0.9036
181.3	1233	0.9322
181.3	1405	0.9763
181.3	1410	0.9260
181.3	1438	0.9617
181.3	1517	0.9215
181.3	1551	0.9117
181.4	78	0.9344
181.4	671	0.9185
181.4	697	0.9271
181.4	703	0.9603
181.4	720	0.9145
181.4	743	0.9521
181.4	768	0.9118
181.4	838	0.9750
181.4	971	0.9334
181.4	980	0.9197
181.4	1207	0.9400
181.4	1215	0.9447
18.1	601	0.9029
18.1	799	0.9286
18.1	927	0.9454
18.1	1036	0.9077
183.1	4	0.9512
183.1	5	0.9485
183.1	42	0.9156
183.1	161	0.9250
183.1	216	0.9493
183.1	574	0.9228
183.1	1064	0.9560
184.5	591	0.9150
184.5	598	0.9335
184.5	641	0.9579
184.5	645	0.9425
184.5	651	0.9318
184.5	655	0.9101
184.5	657	0.9927
184.5	663	0.9501
184.5	685	0.9095
184.5	687	0.9749
184.5	708	0.9456
184.5	709	0.9643
184.5	731	0.9497
184.5	752	0.9692
184.5	753	0.9801
184.5	781	0.9426
184.5	785	0.9126
184.5	897	0.9001
184.6	156	0.9103
184.6	207	0.9584
184.6	314	0.9610
184.6	492	0.9306
184.6	525	0.9571
184.6	541	0.9116
184.6	772	0.9236
184.6	808	0.9324
184.7	156	0.9084
184.7	207	0.9473
184.7	591	0.9573
184.7	650	0.9230
184.7	720	0.9203
184.7	721	0.9163
184.7	765	0.9420
186.1	166	0.9379
187.1	5	0.9798
187.1	261	0.9379
187.1	292	0.9238
187.1	331	0.9401
187.1	341	0.9708
187.1	431	0.9070
187.1	460	0.9739
187.1	474	0.9849
187.1	475	0.9698
187.1	476	0.9738
187.1	477	0.9931
187.1	478	0.9669
187.1	480	0.9919
187.1	481	0.9969
187.1	482	0.9981
187.1	484	0.9956
187.1	529	0.9306
187.1	557	0.9711
187.1	558	0.9818
187.1	560	0.9790
187.1	561	0.9288
187.1	565	0.9760
187.1	567	0.9445
187.1	589	0.9902
187.1	614	0.9606
187.1	616	0.9347
187.1	637	0.9816
187.1	645	0.9523
187.1	659	0.9739
187.1	660	0.9700
187.1	688	0.9178
187.1	690	0.9420
187.1	700	0.9623
187.1	709	0.9795
187.1	711	0.9361
187.1	712	0.9358
187.1	714	0.9173
187.1	731	0.9368
187.1	738	0.9748
187.1	740	0.9737
187.1	741	0.9425
187.1	762	0.9874
187.1	764	0.9447
187.1	767	0.9252
187.1	785	0.9927
187.1	787	0.9981
187.1	788	0.9819
187.1	806	0.9669
187.1	817	0.9242
187.1	819	0.9885
187.1	821	0.9907
187.1	831	0.9865
187.1	843	0.9826
187.1	845	0.9969
187.1	868	0.9549
187.1	870	0.9722
187.1	878	0.9250
187.1	916	0.9898
187.1	935	0.9168
187.1	936	0.9405
189.1	541	0.9201
189.1	878	0.9019
189.1	900	0.9941
189.1	906	0.9784
189.1	911	0.9053
189.1	1055	0.9327
190.1	8	0.9302
190.1	81	0.9113
190.1	130	0.9343
190.1	160	0.9062
190.1	172	0.9011
190.1	513	0.9169
190.1	531	0.9095
190.1	548	0.9773
190.1	577	0.9725
190.1	584	0.9114
190.1	637	0.9145
190.1	639	0.9894
190.1	697	0.9470
190.1	707	0.9574
190.1	778	0.9334
190.1	787	0.9696
190.1	835	0.9684
190.1	908	0.9750
190.1	967	0.9527
190.1	987	0.9876
190.1	990	0.9918
190.1	1038	0.9108
190.1	1049	0.9921
190.1	1073	0.9604
190.1	1082	0.9243
190.1	1141	0.9775
190.1	1153	0.9750
190.1	1155	0.9798
191.1	30	0.9932
191.1	49	0.9475
191.1	53	0.9222
191.1	96	0.9590
191.1	123	0.9758
191.1	151	0.9415
191.1	183	0.9298
191.1	208	0.9326
191.1	244	0.9676
191.1	286	0.9413
191.1	380	0.9267
191.1	400	0.9056
191.1	471	0.9014
191.1	486	0.9356
191.1	489	0.9700
191.1	522	0.9862
191.1	566	0.9790
191.1	604	0.9336
191.1	612	0.9385
191.1	615	0.9762
191.1	639	0.9470
191.1	688	0.9388
191.1	735	0.9083
191.1	770	0.9197
191.1	832	0.9181
191.1	845	0.9617
191.1	886	0.9102
191.1	942	0.9098
19.1	43	0.9762
19.1	46	0.9366
19.1	63	0.9618
19.1	67	0.9016
19.1	197	0.9258
19.1	515	0.9984
193.1	240	0.9786
193.1	265	0.9156
193.1	561	0.9101
193.1	629	0.9206
197.1	324	0.9099
197.1	328	0.9067
197.1	359	0.9056
197.1	934	0.9165
199.1	313	0.9180
199.1	325	0.9225
201.1	549	0.9567
201.1	1154	0.9046
201.1	1182	0.9231
20.1	401	0.9252
20.1	418	0.9092
20.1	1278	0.9227
20.1	1290	0.9181
202.1	136	0.9061
202.1	230	0.9445
202.1	231	0.9011
202.1	232	0.9434
203.1	40	0.9185
203.1	58	0.9782
203.1	138	0.9213
204.1	116	0.9632
204.1	408	0.9176
204.1	998	0.9570
204.1	1078	0.9310
204.1	1227	0.9401
206.1	800	0.9345
206.1	929	0.9350
206.1	979	0.9125
206.1	990	0.9276
206.1	1000	0.9045
206.1	1006	0.9105
206.1	1088	0.9109
206.1	1106	0.9105
206.1	1109	0.9202
206.1	1111	0.9266
206.1	1152	0.9037
207.1	45	0.9553
207.1	80	0.9469
207.1	220	0.9778
207.1	253	0.9599
207.1	284	0.9481
207.1	486	0.9489
207.1	568	0.9078
208.1	323	0.9432
209.1	88	0.9351
210.1	166	0.9196
211.1	127	0.9284
211.1	145	0.9334
211.1	146	0.9363
211.1	150	0.9398
211.1	239	0.9438
211.1	281	0.9505
211.1	291	0.9404
211.1	293	0.9250
211.1	296	0.9128
211.1	320	0.9307
211.1	322	0.9640
211.1	326	0.9140
211.1	374	0.9056
211.1	469	0.9306
211.1	1080	0.9450
21.1	55	0.9659
212.3	364	0.9035
212.3	369	0.9667
212.3	384	0.9150
212.3	395	0.9440
212.3	443	0.9290
212.3	445	0.9150
212.3	577	0.9250
212.3	722	0.9620
212.4	169	0.9020
212.4	172	0.9348
212.4	178	0.9000
212.4	286	0.9373
212.4	724	0.9348
213.1	162	0.9061
213.1	166	0.9299
213.1	189	0.9154
213.1	217	0.9431
213.1	218	0.9085
213.1	450	0.9152
214.1	448	0.9869
214.1	1386	0.9198
216.1	618	0.9260
216.1	688	0.9220
216.1	714	0.9157
216.1	719	0.9164
216.1	771	0.9039
216.1	784	0.9054
216.1	862	0.9285
216.1	1257	0.9110
216.1	1560	0.9143
216.1	1568	0.9167
216.1	1569	0.9167
216.1	1571	0.9082
216.3	360	0.9725
216.3	361	0.9206
216.3	557	0.9051
216.3	636	0.9013
216.3	691	0.9189
216.3	692	0.9943
216.3	722	0.9039
216.3	730	0.9907
216.3	794	0.9074
216.3	817	0.9943
216.3	891	0.9151
216.3	893	0.9499
216.3	979	0.9607
216.3	1046	0.9638
216.3	1261	0.9039
216.3	1439	0.9003
216.3	1448	0.9037
216.5	253	0.9100
216.5	561	0.9240
216.5	562	0.9311
216.5	671	0.9188
216.5	681	0.9030
216.5	684	0.9029
216.5	757	0.9058
216.5	838	0.9075
216.5	1424	0.9134
216.5	1470	0.9287
216.5	1717	0.9207
216.5	1724	0.9200
217.1	302	0.9113
217.1	483	0.9119
217.1	573	0.9033
217.1	1012	0.9193
218.1	179	0.9041
219.1	347	0.9195
219.1	349	0.9167
219.1	412	0.9184
221.2	86	0.9737
221.2	110	0.9232
221.2	291	0.9448
221.2	303	0.9709
221.2	407	0.9378
221.2	450	0.9009
221.2	685	0.9843
221.2	691	0.9081
221.2	724	0.9144
221.2	746	0.9504
221.2	751	0.9386
221.2	772	0.9301
221.2	790	0.9217
221.2	998	0.9421
221.2	999	0.9103
221.2	1023	0.9741
221.2	1082	0.9045
221.2	1091	0.9519
221.2	1093	0.9491
221.2	1094	0.9399
221.2	1114	0.9248
221.2	1115	0.9185
221.2	1117	0.9577
221.2	1131	0.9388
221.2	1135	0.9421
221.2	1154	0.9431
221.2	1161	0.9517
221.2	1224	0.9091
221.2	1226	0.9239
221.2	1249	0.9400
221.2	1250	0.9517
221.2	1272	0.9093
221.2	1281	0.9045
221.2	1308	0.9817
221.2	1309	0.9533
221.2	1310	0.9602
221.2	1316	0.9146
221.2	1334	0.9628
221.2	1338	0.9038
221.2	1364	0.9755
221.2	1365	0.9455
221.2	1373	0.9216
221.2	1421	0.9522
221.2	1433	0.9128
221.2	1435	0.9181
223.1	193	0.9124
2.24	141	0.9135
225.1	647	0.9176
225.1	657	0.9277
225.1	664	0.9163
225.1	873	0.9080
225.1	1006	0.9494
226.1	19	0.9123
226.1	21	0.9267
226.1	28	0.9161
226.1	30	0.9252
226.1	38	0.9213
226.1	130	0.9491
226.1	150	0.9407
226.1	154	0.9390
226.1	167	0.9196
226.1	202	0.9798
226.1	205	0.9094
226.1	206	0.9767
226.1	207	0.9189
226.1	208	0.9257
226.1	209	0.9694
226.1	241	0.9262
226.1	251	0.9175
226.1	271	0.9450
226.1	282	0.9895
226.1	284	0.9306
226.1	333	0.9816
226.1	356	0.9405
226.1	358	0.9154
226.1	362	0.9165
226.1	363	0.9832
226.1	384	0.9670
226.1	386	0.9063
226.1	403	0.9610
226.1	410	0.9464
226.1	423	0.9701
226.1	425	0.9810
226.1	455	0.9133
226.1	459	0.9541
226.1	464	0.9272
226.1	484	0.9785
226.1	500	0.9189
226.1	502	0.9690
226.1	504	0.9402
226.1	505	0.9483
226.1	507	0.9842
226.1	528	0.9859
226.1	529	0.9820
226.1	530	0.9694
226.1	535	0.9122
226.1	551	0.9746
226.1	555	0.9412
226.1	577	0.9024
226.1	601	0.9709
226.1	602	0.9535
226.1	621	0.9860
226.1	630	0.9386
226.1	634	0.9468
228.1	260	0.9816
228.1	357	0.9593
228.1	424	0.9070
229.1	296	0.9030
229.1	559	0.9294
229.1	669	0.9141
229.1	1059	0.9127
230.1	337	0.9137
230.1	455	0.9737
230.1	640	0.9646
230.1	677	0.9231
230.1	819	0.9259
230.1	826	0.9077
230.1	845	0.9428
23.1	35	0.9849
23.1	51	0.9180
23.1	156	0.9687
23.1	321	0.9967
23.1	454	0.9497
23.1	460	0.9780
23.1	657	0.9332
23.1	709	0.9300
23.1	729	0.9647
23.1	750	0.9796
23.1	751	0.9371
23.1	753	0.9740
23.1	774	0.9584
23.1	795	0.9339
23.1	797	0.9421
23.1	817	0.9831
23.1	863	0.9332
23.1	880	0.9588
23.1	903	0.9258
23.1	1001	0.9848
23.1	1008	0.9939
23.1	1034	0.9284
23.1	1091	0.9270
23.1	1143	0.9802
233.1	104	0.9221
233.1	255	0.9222
233.1	534	0.9189
233.1	629	0.9276
233.1	730	0.9145
233.1	871	0.9499
233.1	957	0.9827
234.1	113	0.9497
234.1	208	0.9175
235.1	49	0.9186
235.1	149	0.9254
236.1	4	0.9003
236.1	5	0.9540
236.1	264	0.9040
236.1	361	0.9166
236.1	496	0.9191
236.1	554	0.9000
236.1	672	0.9490
236.1	739	0.9183
236.1	764	0.9099
236.1	875	0.9415
236.1	914	0.9138
236.1	916	0.9654
236.1	917	0.9045
236.1	918	0.9057
236.1	947	0.9016
236.1	985	0.9455
236.1	986	0.9029
236.1	988	0.9324
236.1	1009	0.9035
236.1	1027	0.9004
236.1	1028	0.9150
237.1	246	0.9743
237.1	286	0.9199
237.1	295	0.9287
238.2	459	0.9576
238.2	663	0.9227
238.2	778	0.9184
238.2	846	0.9553
238.2	1050	0.9108
238.3	460	0.9335
238.3	461	0.9054
238.3	541	0.9396
238.3	668	0.9177
238.3	738	0.9023
238.3	810	0.9050
238.3	812	0.9212
238.3	814	0.9584
238.3	832	0.9012
238.3	856	0.9239
238.3	962	0.9002
238.3	987	0.9135
238.3	1066	0.9112
238.3	1084	0.9315
238.3	1088	0.9575
238.3	1162	0.9057
239.1	529	0.9360
239.1	1076	0.9359
240.1	819	0.9056
240.1	826	0.9147
241.1	8	0.9377
241.1	45	0.9376
241.1	172	0.9740
241.1	173	0.9509
241.1	174	0.9419
241.1	175	0.9943
241.1	364	0.9712
241.1	408	0.9150
241.1	469	0.9612
241.1	542	0.9228
241.1	769	0.9254
241.1	927	0.9045
241.1	1339	0.9262
24.1	223	0.9065
24.1	332	0.9456
24.1	387	0.9531
24.1	791	0.9217
24.1	798	0.9029
24.1	892	0.9136
24.1	1405	0.9474
24.1	1420	0.9610
24.1	1591	0.9022
24.1	1604	0.9044
24.1	1606	0.9154
24.1	1613	0.9546
242.1	904	0.9156
244.1	2	0.9667
244.1	3	0.9336
244.1	5	0.9577
244.1	10	0.9662
244.1	11	0.9592
244.1	91	0.9075
244.1	174	0.9828
244.1	380	0.9523
244.1	400	0.9498
244.1	413	0.9555
244.1	414	0.9426
244.1	452	0.9711
244.1	456	0.9028
244.1	457	0.9417
244.1	491	0.9583
244.1	531	0.9674
244.1	538	0.9431
244.1	586	0.9724
244.1	606	0.9535
244.1	613	0.9457
244.1	634	0.9488
244.1	653	0.9603
244.1	673	0.9418
244.1	675	0.9797
244.1	701	0.9363
244.1	705	0.9129
244.1	706	0.9888
244.1	727	0.9627
244.1	753	0.9126
244.1	777	0.9884
244.1	778	0.9698
244.1	799	0.9287
244.1	800	0.9499
244.1	803	0.9468
244.1	850	0.9709
244.1	870	0.9763
245.1	119	0.9182
245.1	138	0.9103
245.1	168	0.9158
245.1	709	0.9141
245.1	823	0.9183
245.1	833	0.9075
246.1	148	0.9196
248.1	8	0.9078
248.1	55	0.9175
248.1	73	0.9143
248.1	78	0.9024
248.1	210	0.9165
249.1	384	0.9082
249.1	530	0.9059
251.1	897	0.9284
251.1	1071	0.9293
251.1	1154	0.9140
25.1	82	0.9091
25.1	115	0.9871
25.1	138	0.9296
25.1	791	0.9642
252.1	174	0.9285
252.1	334	0.9024
252.1	402	0.9679
252.1	457	0.9224
252.1	499	0.9100
252.1	500	0.9742
252.1	504	0.9268
252.1	566	0.9604
252.1	574	0.9271
252.1	612	0.9373
252.1	627	0.9022
252.1	654	0.9480
252.1	694	0.9450
252.1	757	0.9094
252.1	758	0.9047
252.1	762	0.9538
252.1	787	0.9048
254.1	914	0.9306
255.1	107	0.9103
255.1	471	0.9182
255.1	910	0.9197
255.1	912	0.9344
255.1	921	0.9174
257.1	1440	0.9207
258.1	233	0.9046
258.1	637	0.9563
259.1	13	0.9144
26.1	130	0.9019
26.1	1199	0.9347
26.1	1200	0.9840
26.1	1237	0.9686
262.1	186	0.9088
262.1	188	0.9286
262.1	190	0.9020
263.1	254	0.9179
263.1	500	0.9264
263.1	572	0.9181
263.1	830	0.9605
263.1	832	0.9024
263.1	864	0.9191
263.1	894	0.9089
263.1	897	0.9221
267.1	113	0.9082
268.1	135	0.9102
268.1	174	0.9809
268.1	273	0.9219
268.1	282	0.9223
268.1	295	0.9215
268.1	304	0.9354
268.1	427	0.9140
268.1	473	0.9564
268.1	476	0.9649
268.1	477	0.9602
268.1	478	0.9673
268.1	480	0.9690
268.1	585	0.9462
268.1	706	0.9638
268.1	707	0.9280
268.1	753	0.9188
268.1	776	0.9290
269.1	37	0.9213
269.1	143	0.9234
270.1	361	0.9098
271.1	467	0.9454
271.1	469	0.9468
271.1	470	0.9661
271.1	522	0.9043
271.1	592	0.9438
271.1	614	0.9561
271.1	633	0.9541
271.1	661	0.9914
271.1	683	0.9671
271.1	705	0.9368
271.1	709	0.9681
271.1	726	0.9425
271.1	744	0.9743
271.1	746	0.9344
271.1	771	0.9645
271.1	801	0.9254
271.1	803	0.9168
271.1	804	0.9164
271.1	827	0.9666
271.1	852	0.9224
271.1	896	0.9496
271.1	898	0.9315
27.1	511	0.9055
27.1	515	0.9250
27.1	595	0.9188
272.1	80	0.9045
272.1	162	0.9509
272.1	163	0.9137
273.1	10	0.9200
273.1	48	0.9122
273.1	52	0.9032
273.1	406	0.9327
273.1	407	0.9540
273.1	412	0.9731
273.1	429	0.9490
273.1	455	0.9682
273.1	456	0.9466
273.1	457	0.9854
273.1	510	0.9294
273.1	530	0.9650
273.1	556	0.9332
273.1	560	0.9487
273.1	603	0.9785
273.1	619	0.9643
273.1	624	0.9613
273.1	664	0.9008
273.1	730	0.9096
273.1	732	0.9038
273.1	734	0.9399
273.1	755	0.9809
273.1	781	0.9180
273.1	785	0.9462
273.1	787	0.9795
273.1	789	0.9159
273.1	790	0.9339
273.1	808	0.9353
273.1	809	0.9245
273.1	811	0.9536
273.1	835	0.9627
273.1	842	0.9599
274.1	66	0.9572
274.1	217	0.9154
276.1	658	0.9198
276.1	1037	0.9342
276.1	1148	0.9148
276.1	1267	0.9251
276.1	1406	0.9723
278.2	874	0.9051
279.1	291	0.9652
279.1	293	0.9162
279.1	421	0.9487
279.1	424	0.9844
279.1	467	0.9554
279.1	468	0.9524
279.1	566	0.9115
279.1	568	0.9612
279.1	590	0.9106
279.1	612	0.9563
279.1	615	0.9199
279.1	635	0.9846
279.1	636	0.9702
279.1	679	0.9406
279.1	705	0.9470
279.1	744	0.9188
279.1	746	0.9317
279.1	765	0.9695
279.1	767	0.9232
279.1	769	0.9822
279.1	797	0.9124
279.1	799	0.9550
279.1	801	0.9252
279.1	825	0.9860
279.1	849	0.9782
279.1	878	0.9773
279.1	923	0.9010
279.1	927	0.9164
279.1	932	0.9163
279.1	935	0.9070
280.1	452	0.9693
280.1	455	0.9283
280.1	555	0.9060
280.1	614	0.9156
280.1	615	0.9023
280.1	664	0.9140
280.1	736	0.9132
280.1	739	0.9053
280.1	759	0.9119
280.1	807	0.9134
280.1	830	0.9067
281.1	678	0.9735
281.1	702	0.9165
281.1	936	0.9059
281.1	1053	0.9307
281.1	1341	0.9191
28.1	34	0.9027
28.1	71	0.9151
282.1	62	0.9120
282.1	66	0.9082
282.1	128	0.9278
282.1	163	0.9294
282.1	293	0.9854
282.1	295	0.9376
282.1	420	0.9751
282.1	421	0.9291
282.1	423	0.9735
282.1	426	0.9440
282.1	467	0.9325
282.1	469	0.9160
282.1	470	0.9685
282.1	524	0.9385
282.1	544	0.9513
282.1	568	0.9569
282.1	570	0.9820
282.1	592	0.9625
282.1	614	0.9910
282.1	637	0.9013
282.1	638	0.9641
282.1	661	0.9875
282.1	683	0.9728
282.1	728	0.9294
282.1	747	0.9683
282.1	749	0.9128
282.1	772	0.9378
282.1	803	0.9565
282.1	806	0.9676
282.1	824	0.9697
282.1	825	0.9603
282.1	827	0.9685
282.1	829	0.9746
282.1	846	0.9693
282.1	851	0.9352
282.1	853	0.9439
282.1	855	0.9275
282.1	888	0.9588
282.1	899	0.9223
282.1	924	0.9089
285.1	15	0.9103
286.1	40	0.9332
286.1	83	0.9262
286.1	122	0.9064
287.1	228	0.9392
289.1	483	0.9721
289.1	517	0.9117
289.1	519	0.9367
289.1	654	0.9299
290.1	299	0.9167
290.1	317	0.9127
290.1	321	0.9441
290.1	435	0.9301
290.1	508	0.9617
290.1	552	0.9267
290.1	596	0.9074
290.1	646	0.9027
290.1	664	0.9441
290.1	688	0.9001
290.1	694	0.9129
290.1	737	0.9680
291.1	10	0.9525
291.1	420	0.9506
291.1	421	0.9850
291.1	426	0.9056
291.1	587	0.9231
291.1	591	0.9231
29.1	55	0.9082
29.1	343	0.9343
29.1	593	0.9210
29.1	655	0.9016
29.1	678	0.9363
293.1	859	0.9014
296.1	310	0.9318
297.1	572	0.9133
297.1	850	0.9085
298.1	117	0.9013
298.1	662	0.9073
298.1	706	0.9200
298.1	727	0.9194
298.1	763	0.9014
298.1	785	0.9672
298.1	788	0.9434
298.1	813	0.9508
298.1	881	0.9075
298.1	906	0.9294
299.1	40	0.9398
299.1	42	0.9642
299.1	577	0.9258
299.1	578	0.9460
299.1	658	0.9466
2.9	116	0.9149
2.9	161	0.9273
30.1	60	0.9106
30.1	677	0.9620
302.1	21	0.9233
302.1	22	0.9116
302.1	902	0.9400
302.1	904	0.9056
303.1	423	0.9060
303.1	470	0.9202
303.1	471	0.9060
303.1	633	0.9022
303.1	661	0.9045
303.1	712	0.9131
303.1	803	0.9122
303.1	832	0.9769
303.1	849	0.9128
303.1	979	0.9329
303.1	982	0.9077
303.1	983	0.9093
304.1	280	0.9348
306.1	229	0.9054
306.1	232	0.9181
306.1	505	0.9375
306.1	572	0.9771
310.1	237	0.9065
310.1	238	0.9183
3.10	21	0.9344
3.10	24	0.9188
3.10	106	0.9171
3.10	293	0.9777
3.10	420	0.9603
3.10	421	0.9863
3.10	423	0.9723
3.10	424	0.9085
3.10	426	0.9392
3.10	522	0.9213
3.10	524	0.9481
3.10	570	0.9627
3.10	614	0.9807
3.10	617	0.9744
3.10	637	0.9859
3.10	638	0.9814
3.10	661	0.9667
3.10	681	0.9752
3.10	683	0.9714
3.10	707	0.9713
3.10	708	0.9775
3.10	709	0.9735
3.10	746	0.9052
3.10	769	0.9762
3.10	771	0.9737
3.10	800	0.9716
3.10	802	0.9729
3.10	823	0.9010
3.10	824	0.9481
3.10	845	0.9842
3.10	850	0.9412
31.1	63	0.9316
31.1	69	0.9117
31.1	138	0.9004
3.12	421	0.9397
3.12	681	0.9112
3.12	751	0.9011
3.12	769	0.9452
3.12	771	0.9188
3.12	801	0.9302
3.12	803	0.9061
3.12	805	0.9485
3.12	829	0.9236
3.12	880	0.9717
3.12	884	0.9016
3.12	917	0.9117
3.12	922	0.9049
3.12	925	0.9135
3.12	926	0.9286
3.12	927	0.9166
3.13	408	0.9828
3.13	420	0.9137
3.13	421	0.9724
3.13	426	0.9785
3.13	430	0.9311
3.13	467	0.9662
3.13	469	0.9126
3.13	472	0.9558
3.13	495	0.9019
3.13	524	0.9371
3.13	544	0.9863
3.13	546	0.9954
3.13	568	0.9372
3.13	570	0.9797
3.13	574	0.9195
3.13	598	0.9217
3.13	614	0.9851
3.13	617	0.9556
3.13	637	0.9058
3.13	638	0.9129
3.13	645	0.9511
3.13	661	0.9976
3.13	678	0.9636
3.13	681	0.9303
3.13	683	0.9783
3.13	707	0.9249
3.13	708	0.9592
3.13	709	0.9941
3.13	784	0.9898
3.13	787	0.9230
3.13	805	0.9425
3.13	807	0.9734
3.13	833	0.9649
3.13	837	0.9443
3.13	839	0.9461
3.13	841	0.9064
3.13	863	0.9289
3.13	865	0.9848
3.13	882	0.9764
3.13	889	0.9817
3.13	891	0.9020
3.13	916	0.9326
3.13	918	0.9582
3.13	927	0.9163
3.13	946	0.9262
3.13	965	0.9001
3.13	986	0.9258
3.13	989	0.9248
3.13	1022	0.9255
3.14	24	0.9056
3.14	387	0.9204
3.14	470	0.9007
3.14	471	0.9203
3.14	513	0.9523
3.14	570	0.9024
3.14	767	0.9503
3.14	769	0.9243
3.14	799	0.9623
3.14	825	0.9480
3.14	827	0.9683
3.14	828	0.9271
3.14	831	0.9207
3.14	878	0.9082
3.14	896	0.9245
3.14	901	0.9100
3.14	912	0.9420
3.14	913	0.9089
3.14	914	0.9072
3.14	935	0.9053
3.14	939	0.9221
3.14	940	0.9255
3.17	387	0.9545
3.17	421	0.9510
3.17	430	0.9391
3.17	469	0.9423
3.17	470	0.9562
3.17	471	0.9788
3.17	524	0.9371
3.17	544	0.9136
3.17	546	0.9093
3.17	568	0.9340
3.17	592	0.9214
3.17	612	0.9014
3.17	615	0.9537
3.17	714	0.9087
3.17	746	0.9778
3.17	748	0.9542
3.17	750	0.9335
3.17	773	0.9834
3.17	797	0.9146
3.17	801	0.9641
3.17	803	0.9617
3.17	805	0.9157
3.17	824	0.9111
3.17	825	0.9613
3.17	829	0.9910
3.17	830	0.9459
3.17	851	0.9584
3.17	880	0.9699
3.17	881	0.9575
3.17	884	0.9471
3.17	891	0.9517
3.17	911	0.9201
3.18	52	0.9746
3.18	86	0.9044
3.18	128	0.9735
3.18	293	0.9812
3.18	330	0.9243
3.18	337	0.9382
3.18	420	0.9868
3.18	421	0.9859
3.18	423	0.9870
3.18	426	0.9575
3.18	430	0.9756
3.18	443	0.9562
3.18	467	0.9464
3.18	469	0.9549
3.18	470	0.9607
3.18	471	0.9610
3.18	500	0.9395
3.18	522	0.9827
3.18	524	0.9704
3.18	544	0.9856
3.18	546	0.9731
3.18	570	0.9783
3.18	591	0.9152
3.18	592	0.9855
3.18	614	0.9948
3.18	617	0.9825
3.18	633	0.9872
3.18	635	0.9010
3.18	637	0.9479
3.18	661	0.9501
3.18	664	0.9445
3.18	686	0.9058
3.18	710	0.9505
3.18	712	0.9896
3.18	741	0.9317
3.18	751	0.9841
3.18	753	0.9292
3.18	754	0.9686
3.18	772	0.9638
3.18	774	0.9558
3.18	776	0.9965
3.18	801	0.9927
3.18	805	0.9359
3.18	807	0.9890
3.18	809	0.9813
3.18	829	0.9908
3.18	831	0.9659
3.18	833	0.9930
3.18	834	0.9586
3.18	850	0.9767
3.18	859	0.9058
3.18	883	0.9250
3.18	884	0.9804
3.18	890	0.9007
3.18	943	0.9844
3.18	945	0.9316
3.18	986	0.9161
3.18	993	0.9002
3.18	1003	0.9742
3.18	1004	0.9382
3.18	1010	0.9817
3.18	1016	0.9759
3.19	9	0.9227
3.19	10	0.9166
3.19	23	0.9128
3.19	29	0.9510
3.19	420	0.9486
3.19	425	0.9362
3.19	469	0.9420
3.19	470	0.9017
3.19	471	0.9098
3.19	544	0.9333
3.19	568	0.9462
3.19	614	0.9781
3.19	637	0.9801
3.19	681	0.9328
3.19	707	0.9581
3.19	746	0.9598
3.19	814	0.9407
3.19	816	0.9279
3.19	832	0.9018
3.19	842	0.9704
3.19	859	0.9147
3.19	866	0.9656
3.19	937	0.9324
3.19	963	0.9137
320.1	499	0.9507
320.1	655	0.9558
320.1	883	0.9007
320.1	897	0.9160
320.1	959	0.9223
321.1	73	0.9529
321.1	111	0.9569
321.1	515	0.9372
321.1	558	0.9323
321.1	559	0.9222
321.1	611	0.9080
32.1	182	0.9024
3.22	316	0.9288
3.22	468	0.9368
3.22	469	0.9372
3.22	511	0.9324
3.22	520	0.9119
3.22	542	0.9223
3.22	615	0.9002
3.22	631	0.9408
3.22	707	0.9470
3.22	826	0.9487
325.1	2	0.9380
325.1	14	0.9204
325.1	21	0.9222
325.1	185	0.9101
325.1	275	0.9462
325.1	276	0.9600
325.1	285	0.9406
325.1	322	0.9285
325.1	324	0.9010
325.1	325	0.9508
325.1	326	0.9782
325.1	379	0.9192
325.1	472	0.9665
325.1	493	0.9474
325.1	533	0.9244
325.1	536	0.9238
325.1	538	0.9467
325.1	622	0.9296
325.1	654	0.9662
325.1	682	0.9280
325.1	706	0.9461
325.1	749	0.9229
325.1	788	0.9054
326.1	23	0.9602
326.1	87	0.9601
326.1	175	0.9140
326.1	298	0.9628
326.1	381	0.9441
3.2	422	0.9111
3.2	425	0.9232
3.2	543	0.9245
3.2	545	0.9391
3.2	567	0.9495
3.2	591	0.9434
3.2	616	0.9091
3.2	769	0.9111
3.2	798	0.9305
3.2	822	0.9351
3.2	824	0.9441
3.2	841	0.9511
3.2	875	0.9416
3.2	876	0.9256
33.1	97	0.9271
33.1	162	0.9903
33.1	354	0.9093
33.1	455	0.9972
33.1	657	0.9721
3.3	128	0.9420
3.3	163	0.9445
3.3	337	0.9814
3.3	361	0.9906
3.3	387	0.9050
3.3	408	0.9832
3.3	420	0.9749
3.3	423	0.9793
3.3	424	0.9631
3.3	426	0.9972
3.3	430	0.9541
3.3	469	0.9109
3.3	471	0.9375
3.3	473	0.9718
3.3	474	0.9839
3.3	475	0.9778
3.3	483	0.9086
3.3	533	0.9807
3.3	535	0.9782
3.3	555	0.9876
3.3	581	0.9938
3.3	603	0.9513
3.3	605	0.9528
3.3	623	0.9382
3.3	625	0.9952
3.3	628	0.9898
3.3	644	0.9522
3.3	648	0.9918
3.3	649	0.9921
3.3	672	0.9973
3.3	689	0.9918
3.3	692	0.9374
3.3	694	0.9968
3.3	696	0.9603
3.3	717	0.9640
3.3	718	0.9829
3.3	720	0.9930
3.3	722	0.9866
3.3	741	0.9696
3.3	758	0.9471
3.3	759	0.9622
3.3	761	0.9946
3.3	763	0.9560
3.3	764	0.9853
3.3	782	0.9822
3.3	784	0.9889
3.3	805	0.9601
3.3	811	0.9968
3.3	815	0.9816
3.3	820	0.9795
3.3	822	0.9613
3.3	823	0.9984
3.3	842	0.9867
3.3	844	0.9942
3.3	846	0.9977
3.3	847	0.9800
3.3	915	0.9950
3.3	920	0.9470
3.3	922	0.9790
3.3	924	0.9684
3.3	990	0.9255
3.3	991	0.9728
3.3	992	0.9181
3.3	993	0.9502
3.3	1030	0.9374
3.3	1077	0.9300
3.3	1078	0.9657
34.1	224	0.9024
34.1	448	0.9127
35.1	193	0.9664
35.1	311	0.9560
35.1	506	0.9479
36.1	148	0.9112
36.1	687	0.9406
36.1	780	0.9511
38.1	6	0.9381
38.1	196	0.9698
38.1	337	0.9624
3.8	30	0.9180
3.8	105	0.9460
3.8	117	0.9153
3.8	127	0.9416
3.8	162	0.9345
3.8	215	0.9204
3.8	264	0.9066
3.8	336	0.9305
3.8	419	0.9527
3.8	420	0.9310
3.8	425	0.9667
3.8	442	0.9104
3.8	468	0.9519
3.8	469	0.9417
3.8	471	0.9468
3.8	479	0.9669
3.8	522	0.9551
3.8	583	0.9022
3.8	607	0.9617
3.8	623	0.9632
3.8	626	0.9131
3.8	647	0.9619
3.8	687	0.9833
3.8	690	0.9293
3.8	692	0.9563
3.8	714	0.9463
3.8	717	0.9507
3.8	718	0.9081
3.8	755	0.9389
3.8	757	0.9523
3.8	759	0.9150
3.8	760	0.9109
3.8	778	0.9595
3.8	780	0.9880
3.8	806	0.9345
3.8	812	0.9512
3.8	855	0.9939
3.8	863	0.9574
3.8	870	0.9391
3.8	891	0.9469
3.8	959	0.9161
39.1	6	0.9964
39.1	24	0.9183
39.1	27	0.9394
39.1	43	0.9660
39.1	70	0.9985
39.1	78	0.9131
39.1	93	0.9472
39.1	175	0.9563
39.1	190	0.9497
39.1	248	0.9486
39.1	249	0.9353
39.1	269	0.9790
39.1	291	0.9691
39.1	295	0.9502
39.1	306	0.9843
39.1	315	0.9482
39.1	355	0.9801
39.1	404	0.9919
39.1	409	0.9596
39.1	414	0.9865
39.1	415	0.9697
39.1	431	0.9645
39.1	434	0.9457
39.1	440	0.9546
39.1	465	0.9868
39.1	471	0.9772
39.1	472	0.9753
39.1	476	0.9758
39.1	589	0.9652
39.1	599	0.9036
39.1	601	0.9766
39.1	602	0.9777
39.1	603	0.9703
39.1	616	0.9432
39.1	623	0.9209
39.1	659	0.9805
39.1	678	0.9603
39.1	687	0.9032
39.1	689	0.9383
39.1	691	0.9627
39.1	696	0.9316
39.1	732	0.9080
39.1	733	0.9782
39.1	734	0.9844
39.1	735	0.9910
39.1	740	0.9273
39.1	775	0.9337
39.1	784	0.9434
39.1	803	0.9840
39.1	805	0.9802
39.1	831	0.9903
39.1	848	0.9593
39.1	850	0.9050
39.1	851	0.9857
39.1	894	0.9290
39.1	899	0.9465
39.1	901	0.9368
39.1	904	0.9898
39.1	922	0.9850
39.1	928	0.9536
39.1	970	0.9127
39.1	971	0.9542
39.1	1018	0.9653
39.1	1024	0.9856
39.1	1042	0.9766
39.1	1047	0.9539
39.1	1048	0.9643
39.1	1162	0.9821
39.1	1163	0.9743
39.1	1165	0.9199
39.1	1167	0.9335
39.1	1168	0.9638
39.1	1187	0.9737
39.1	1215	0.9115
39.1	1218	0.9213
39.1	1221	0.9296
39.1	1239	0.9351
39.1	1240	0.9170
39.1	1254	0.9386
39.1	1312	0.9423
39.1	1314	0.9278
39.1	1316	0.9175
39.1	1317	0.9738
39.1	1337	0.9684
39.1	1339	0.9137
39.1	1342	0.9175
39.1	1363	0.9117
39.1	1437	0.9607
39.1	1481	0.9250
39.1	1568	0.9703
39.1	1569	0.9418
39.1	1586	0.9352
39.1	1589	0.9823
39.1	1590	0.9783
39.1	1592	0.9322
39.1	1611	0.9108
39.1	1612	0.9182
39.1	1614	0.9267
39.1	1668	0.9620
39.1	1672	0.9477
39.1	1679	0.9041
39.1	1691	0.9426
39.1	1731	0.9653
39.1	1732	0.9676
39.1	1734	0.9785
39.1	1752	0.9910
39.1	1764	0.9449
39.1	1767	0.9709
39.1	1769	0.9753
39.1	1773	0.9556
39.1	1774	0.9755
39.1	1776	0.9716
39.1	1777	0.9795
39.1	1778	0.9988
39.1	1788	0.9589
39.1	1789	0.9803
39.1	1790	0.9828
39.1	1806	0.9802
39.1	1810	0.9560
3.9	153	0.9166
3.9	470	0.9398
3.9	503	0.9609
3.9	504	0.9697
3.9	513	0.9223
3.9	553	0.9680
3.9	555	0.9533
3.9	556	0.9777
3.9	557	0.9810
3.9	558	0.9308
3.9	586	0.9269
3.9	630	0.9612
3.9	666	0.9327
3.9	710	0.9659
3.9	713	0.9649
3.9	733	0.9616
3.9	734	0.9213
3.9	757	0.9970
3.9	760	0.9750
3.9	774	0.9392
3.9	779	0.9745
3.9	781	0.9661
3.9	804	0.9411
3.9	841	0.9526
3.9	842	0.9835
3.9	846	0.9554
3.9	847	0.9057
3.9	869	0.9901
3.9	893	0.9274
3.9	897	0.9311
3.9	899	0.9364
3.9	923	0.9246
3.9	925	0.9976
3.9	926	0.9297
3.9	943	0.9784
3.9	950	0.9595
3.9	957	0.9385
3.9	975	0.9598
3.9	978	0.9334
40.1	10	0.9814
40.1	192	0.9680
40.1	411	0.9095
40.1	500	0.9288
40.1	519	0.9693
40.1	546	0.9015
40.1	569	0.9384
40.1	673	0.9053
40.1	785	0.9595
40.1	801	0.9606
40.1	858	0.9297
40.1	888	0.9634
40.1	936	0.9128
40.1	969	0.9325
40.1	972	0.9204
40.1	982	0.9423
40.1	985	0.9476
4.10	628	0.9049
4.10	700	0.9135
4.10	783	0.9131
4.10	788	0.9676
4.10	829	0.9506
4.10	850	0.9508
4.10	862	0.9207
4.10	921	0.9254
4.10	944	0.9302
4.11	96	0.9751
4.11	97	0.9364
4.11	113	0.9653
4.11	115	0.9546
4.11	120	0.9621
4.11	125	0.9363
4.11	205	0.9148
4.11	361	0.9201
4.11	474	0.9050
4.11	481	0.9366
4.11	527	0.9656
4.11	544	0.9558
4.11	545	0.9556
4.11	568	0.9340
4.11	573	0.9365
4.11	597	0.9808
4.11	616	0.9380
4.11	618	0.9741
4.11	619	0.9099
4.11	637	0.9455
4.11	639	0.9609
4.11	641	0.9566
4.11	642	0.9715
4.11	644	0.9677
4.11	645	0.9042
4.11	654	0.9606
4.11	660	0.9688
4.11	664	0.9659
4.11	686	0.9028
4.11	690	0.9491
4.11	709	0.9599
4.11	715	0.9544
4.11	726	0.9132
4.11	754	0.9337
4.11	756	0.9676
4.11	757	0.9347
4.11	775	0.9616
4.11	779	0.9477
4.11	821	0.9698
4.11	861	0.9789
4.11	864	0.9263
4.11	868	0.9112
4.11	874	0.9365
4.11	875	0.9825
4.11	880	0.9840
4.11	912	0.9613
4.11	914	0.9816
4.11	923	0.9590
4.11	938	0.9690
4.11	958	0.9252
4.11	960	0.9651
4.11	961	0.9958
4.11	966	0.9156
4.11	978	0.9041
4.11	981	0.9296
4.11	984	0.9125
4.11	985	0.9536
4.11	989	0.9023
4.11	996	0.9100
4.11	1004	0.9483
4.11	1008	0.9714
4.11	1111	0.9414
4.11	1115	0.9144
4.11	1119	0.9584
4.11	1138	0.9337
4.11	1144	0.9681
4.11	1252	0.9093
4.11	1270	0.9610
4.11	1272	0.9447
4.11	1273	0.9036
4.11	1277	0.9470
4.11	1290	0.9139
4.11	1292	0.9879
4.11	1295	0.9847
4.11	1296	0.9731
4.11	1317	0.9606
4.11	1320	0.9846
4.11	1363	0.9479
4.11	1368	0.9559
4.11	1371	0.9727
4.11	1372	0.9389
4.11	1382	0.9644
4.11	1383	0.9409
4.11	1406	0.9060
4.11	1436	0.9085
4.11	1441	0.9354
4.11	1444	0.9563
4.11	1447	0.9170
4.11	1469	0.9247
4.11	1483	0.9657
4.11	1484	0.9664
4.11	1510	0.9504
4.11	1511	0.9383
4.11	1542	0.9774
4.11	1545	0.9617
4.11	1550	0.9466
4.11	1595	0.9683
4.11	1596	0.9848
4.11	1597	0.9334
4.11	1610	0.9607
4.11	1613	0.9111
4.11	1639	0.9399
4.11	1666	0.9370
4.11	1668	0.9139
41.1	2421	0.9609
41.1	2497	0.9771
41.1	2498	0.9927
4.13	130	0.9467
4.13	136	0.9912
4.13	138	0.9372
4.13	199	0.9125
4.13	216	0.9684
4.13	317	0.9389
4.13	325	0.9911
4.13	424	0.9152
4.13	429	0.9623
4.13	433	0.9782
4.13	436	0.9346
4.13	451	0.9365
4.13	557	0.9022
4.13	578	0.9260
4.13	605	0.9456
4.13	613	0.9692
4.13	614	0.9594
4.13	615	0.9411
4.13	643	0.9363
4.13	646	0.9001
4.13	671	0.9608
4.13	674	0.9741
4.13	695	0.9572
4.13	714	0.9760
4.13	718	0.9176
4.13	719	0.9484
4.13	763	0.9147
4.13	780	0.9620
4.13	783	0.9649
4.13	787	0.9152
4.13	791	0.9096
4.13	807	0.9373
4.13	813	0.9462
4.13	818	0.9460
4.13	830	0.9221
4.13	832	0.9496
4.13	835	0.9155
4.13	858	0.9433
4.13	860	0.9560
4.13	862	0.9593
4.13	863	0.9590
4.13	865	0.9481
4.13	881	0.9668
4.13	883	0.9076
4.13	885	0.9888
4.13	886	0.9767
4.13	888	0.9386
4.13	901	0.9659
4.13	909	0.9436
4.13	957	0.9280
4.13	961	0.9176
4.13	963	0.9381
4.13	965	0.9472
4.13	984	0.9651
4.13	997	0.9731
4.13	1004	0.9157
4.13	1043	0.9233
4.13	1044	0.9732
4.13	1049	0.9442
4.13	1379	0.9459
4.13	1382	0.9412
4.13	1387	0.9818
4.13	1446	0.9041
4.13	1454	0.9019
4.13	1492	0.9058
4.13	1562	0.9005
4.13	1580	0.9382
4.13	1582	0.9695
4.13	1602	0.9413
4.13	1606	0.9376
4.13	1608	0.9640
4.13	1627	0.9712
4.13	1629	0.9545
4.13	1630	0.9810
4.13	1675	0.9830
4.13	1705	0.9440
4.13	1707	0.9048
4.13	1714	0.9438
4.13	1715	0.9531
4.13	1791	0.9083
4.13	1810	0.9131
4.13	1814	0.9084
4.13	1844	0.9471
4.13	1845	0.9475
4.13	1846	0.9554
4.13	1852	0.9004
4.13	1853	0.9715
4.13	1854	0.9244
4.13	1884	0.9169
4.13	1892	0.9631
4.13	1909	0.9415
4.13	1910	0.9821
4.13	1911	0.9048
4.13	1924	0.9336
4.13	1944	0.9317
4.13	1956	0.9557
4.13	1960	0.9549
4.13	1992	0.9894
4.13	1996	0.9263
4.13	2023	0.9501
4.13	2024	0.9515
4.14	531	0.9145
4.14	532	0.9026
4.14	591	0.9211
4.14	886	0.9061
4.14	888	0.9241
4.14	899	0.9198
4.14	935	0.9358
4.14	962	0.9259
4.14	1015	0.9012
4.14	1156	0.9011
4.14	1225	0.9483
4.14	1257	0.9053
4.14	1285	0.9550
4.14	1341	0.9185
4.15	429	0.9051
4.15	564	0.9486
4.15	597	0.9103
4.15	673	0.9267
4.15	683	0.9743
4.15	795	0.9128
4.15	797	0.9289
4.15	816	0.9157
4.15	820	0.9389
4.15	821	0.9190
4.15	845	0.9064
4.15	890	0.9215
4.15	891	0.9030
4.15	892	0.9350
4.15	895	0.9232
4.15	1233	0.9272
4.15	1321	0.9359
4.16	4	0.9763
4.16	15	0.9702
4.16	96	0.9092
4.16	122	0.9025
4.16	354	0.9552
4.16	359	0.9309
4.16	379	0.9171
4.16	380	0.9500
4.16	381	0.9283
4.16	400	0.9417
4.16	439	0.9210
4.16	441	0.9424
4.16	447	0.9353
4.16	457	0.9050
4.16	473	0.9299
4.16	555	0.9087
4.16	557	0.9322
4.16	611	0.9212
4.16	623	0.9127
4.16	652	0.9135
4.16	657	0.9227
4.16	659	0.9368
4.16	677	0.9097
4.16	679	0.9187
4.16	680	0.9226
4.16	706	0.9442
4.16	723	0.9034
4.16	748	0.9106
4.16	749	0.9511
4.16	754	0.9087
4.16	781	0.9461
4.16	823	0.9587
4.16	826	0.9272
4.16	827	0.9337
4.16	828	0.9726
4.16	847	0.9235
4.16	862	0.9054
4.16	894	0.9184
4.16	896	0.9370
4.16	914	0.9625
4.16	935	0.9533
4.16	937	0.9875
4.16	940	0.9039
4.16	942	0.9073
4.16	962	0.9671
4.16	984	0.9762
4.16	985	0.9166
4.16	1008	0.9325
4.16	1070	0.9047
4.16	1073	0.9057
4.16	1078	0.9152
4.16	1090	0.9057
4.16	1221	0.9580
4.16	1224	0.9290
4.16	1225	0.9130
4.16	1294	0.9308
4.16	1311	0.9837
4.16	1312	0.9147
4.16	1315	0.9669
4.16	1317	0.9596
4.16	1344	0.9049
4.16	1417	0.9026
4.16	1436	0.9478
4.16	1444	0.9161
4.16	1446	0.9157
4.16	1475	0.9009
4.16	1484	0.9164
4.16	1502	0.9324
4.16	1527	0.9018
4.16	1529	0.9068
4.16	1533	0.9206
4.16	1535	0.9409
42.1	410	0.9156
4.2	238	0.9049
4.2	643	0.9151
4.2	721	0.9458
4.2	859	0.9228
4.2	901	0.9029
4.2	1059	0.9116
4.2	1062	0.9241
4.2	1129	0.9427
4.2	1133	0.9101
4.2	1152	0.9564
4.2	1153	0.9370
4.2	1154	0.9635
4.2	1164	0.9614
4.2	1195	0.9262
4.2	1370	0.9074
43.1	1227	0.9152
43.1	1229	0.9178
4.3	106	0.9410
4.3	109	0.9466
4.3	110	0.9661
4.3	129	0.9342
4.3	189	0.9024
4.3	231	0.9249
4.3	235	0.9414
4.3	237	0.9564
4.3	247	0.9313
4.3	292	0.9094
4.3	303	0.9498
4.3	349	0.9195
4.3	407	0.9140
4.3	411	0.9653
4.3	413	0.9377
4.3	415	0.9079
4.3	556	0.9155
4.3	575	0.9496
4.3	590	0.9437
4.3	591	0.9011
4.3	592	0.9339
4.3	598	0.9161
4.3	619	0.9502
4.3	629	0.9308
4.3	651	0.9179
4.3	673	0.9019
4.3	734	0.9643
4.3	747	0.9156
4.3	757	0.9364
4.3	760	0.9586
4.3	868	0.9393
4.3	870	0.9098
4.3	873	0.9709
4.3	891	0.9520
4.3	896	0.9473
4.3	937	0.9726
4.3	965	0.9132
4.3	969	0.9172
4.3	1000	0.9151
4.3	1214	0.9084
4.3	1349	0.9383
4.3	1364	0.9102
4.3	1427	0.9450
44.1	18	0.9513
44.1	24	0.9009
44.1	153	0.9150
44.1	493	0.9198
44.1	502	0.9304
44.1	589	0.9339
44.1	593	0.9422
44.1	730	0.9609
44.1	737	0.9446
44.1	784	0.9519
44.1	814	0.9540
44.1	872	0.9654
44.1	991	0.9059
44.1	1008	0.9021
44.1	1017	0.9247
44.1	1041	0.9990
44.1	1062	0.9153
44.1	1080	0.9741
4.4	231	0.9106
4.4	239	0.9254
4.4	240	0.9151
4.4	652	0.9262
4.4	843	0.9155
4.4	852	0.9181
4.4	1090	0.9231
45.2	118	0.9221
46.1	159	0.9710
46.1	166	0.9178
46.1	440	0.9517
4.6	358	0.9036
4.6	479	0.9192
4.6	527	0.9501
4.6	531	0.9142
4.6	533	0.9411
4.6	541	0.9389
4.6	542	0.9650
4.6	548	0.9014
4.6	552	0.9682
4.6	575	0.9143
4.6	589	0.9337
4.6	607	0.9425
4.6	658	0.9019
4.6	681	0.9210
4.6	725	0.9300
4.6	732	0.9171
4.6	739	0.9026
4.6	792	0.9012
4.6	796	0.9163
4.6	797	0.9331
4.6	819	0.9235
4.6	820	0.9418
4.6	895	0.9235
4.6	938	0.9214
4.6	1005	0.9081
4.6	1528	0.9164
4.6	1545	0.9126
47.1	72	0.9426
48.1	4	0.9772
48.1	7	0.9637
48.1	72	0.9484
48.1	97	0.9975
48.1	134	0.9601
48.1	152	0.9753
48.1	208	0.9996
48.1	457	0.9539
48.1	509	0.9525
48.1	517	0.9618
48.1	558	0.9606
48.1	566	0.9133
48.1	591	0.9488
48.1	594	0.9432
48.1	640	0.9615
48.1	711	0.9063
48.1	722	0.9475
48.1	724	0.9273
4.8	22	0.9367
4.8	58	0.9226
4.8	112	0.9266
4.8	114	0.9495
4.8	182	0.9310
4.8	245	0.9186
4.8	250	0.9529
4.8	364	0.9330
4.8	366	0.9109
4.8	369	0.9356
4.8	463	0.9535
4.8	511	0.9013
4.8	526	0.9762
4.8	538	0.9840
4.8	548	0.9743
4.8	551	0.9044
4.8	552	0.9983
4.8	553	0.9383
4.8	554	0.9481
4.8	557	0.9254
4.8	562	0.9508
4.8	578	0.9452
4.8	581	0.9452
4.8	585	0.9375
4.8	668	0.9114
4.8	698	0.9601
4.8	700	0.9375
4.8	702	0.9808
4.8	703	0.9687
4.8	705	0.9774
4.8	706	0.9216
4.8	721	0.9503
4.8	725	0.9267
4.8	771	0.9908
4.8	793	0.9255
4.8	819	0.9141
4.8	820	0.9221
4.8	832	0.9711
4.8	838	0.9420
4.8	842	0.9069
4.8	843	0.9274
4.8	865	0.9570
4.8	866	0.9744
4.8	906	0.9779
4.8	915	0.9782
4.8	928	0.9792
4.8	934	0.9328
4.8	935	0.9869
4.8	938	0.9385
4.8	961	0.9466
4.8	976	0.9593
4.8	1001	0.9567
4.8	1024	0.9806
4.8	1029	0.9693
4.8	1070	0.9364
4.8	1091	0.9361
4.8	1111	0.9717
4.8	1115	0.9121
4.8	1185	0.9466
4.8	1188	0.9103
4.8	1193	0.9600
4.8	1194	0.9907
4.8	1197	0.9481
4.8	1199	0.9576
4.8	1297	0.9078
4.8	1328	0.9663
4.8	1393	0.9003
4.8	1408	0.9609
4.8	1423	0.9442
4.8	1432	0.9693
4.8	1445	0.9227
4.8	1446	0.9600
49.1	1189	0.9031
49.1	1196	0.9049
49.1	1202	0.9313
49.1	1310	0.9561
4.9	120	0.9089
4.9	125	0.9283
4.9	725	0.9025
4.9	838	0.9812
4.9	861	0.9827
4.9	862	0.9646
4.9	923	0.9578
4.9	933	0.9023
4.9	941	0.9232
4.9	943	0.9166
4.9	976	0.9598
4.9	1089	0.9073
4.9	1317	0.9142
4.9	1396	0.9085
4.9	1444	0.9069
4.9	1449	0.9342
50.1	87	0.9895
50.1	246	0.9786
50.1	351	0.9645
50.1	379	0.9552
50.1	518	0.9640
50.1	561	0.9478
50.1	577	0.9875
50.1	579	0.9520
50.1	676	0.9936
50.1	727	0.9983
50.1	740	0.9692
50.1	846	0.9098
50.1	1009	0.9580
50.1	1014	0.9438
50.1	1016	0.9807
50.1	1048	0.9748
50.1	1099	0.9897
50.1	1169	0.9537
50.1	1174	0.9790
50.1	1189	0.9922
50.1	1223	0.9931
50.1	1244	0.9313
50.1	1328	0.9009
50.1	1329	0.9167
5.10	29	0.9166
5.10	30	0.9212
5.10	31	0.9016
5.10	185	0.9112
5.10	484	0.9076
5.10	695	0.9016
5.10	697	0.9565
5.10	718	0.9709
5.10	741	0.9332
5.10	824	0.9255
5.10	889	0.9598
5.10	890	0.9060
5.10	963	0.9042
5.10	965	0.9298
5.10	988	0.9721
5.10	1029	0.9028
5.10	1071	0.9156
5.10	1121	0.9466
5.10	1125	0.9360
5.10	1142	0.9283
51.1	16	0.9507
51.1	274	0.9631
5.12	12	0.9734
5.12	38	0.9544
5.12	100	0.9508
5.12	123	0.9511
5.12	201	0.9604
5.12	377	0.9028
5.12	379	0.9119
5.12	389	0.9852
5.12	509	0.9082
5.12	644	0.9101
5.12	656	0.9199
5.12	668	0.9785
5.12	714	0.9083
5.12	737	0.9754
5.12	739	0.9947
5.12	757	0.9838
5.12	759	0.9819
5.12	760	0.9871
5.12	762	0.9987
5.12	783	0.9907
5.12	784	0.9896
5.12	789	0.9306
5.12	802	0.9973
5.12	803	0.9704
5.12	804	0.9685
5.12	810	0.9804
5.12	823	0.9521
5.12	827	0.9501
5.12	846	0.9713
5.12	867	0.9956
5.12	869	0.9560
5.12	871	0.9762
5.12	889	0.9037
5.12	894	0.9583
5.12	932	0.9182
5.12	933	0.9478
5.12	956	0.9372
5.12	1005	0.9513
5.12	1007	0.9833
5.12	1008	0.9670
5.12	1031	0.9883
5.12	1037	0.9358
5.12	1085	0.9361
5.12	1104	0.9522
5.12	1107	0.9004
5.1	4	0.9419
5.1	6	0.9325
5.1	7	0.9432
5.1	15	0.9718
5.1	17	0.9114
5.1	19	0.9167
5.1	56	0.9013
5.1	82	0.9051
5.1	125	0.9679
5.1	206	0.9347
5.1	231	0.9755
5.1	233	0.9435
5.1	1031	0.9012
52.1	432	0.9254
52.1	436	0.9581
52.1	453	0.9289
5.2	802	0.9392
5.2	868	0.9243
53.1	59	0.9948
53.1	88	0.9727
53.1	114	0.9271
53.1	147	0.9156
53.1	149	0.9923
53.1	188	0.9553
53.1	232	0.9821
53.1	239	0.9705
53.1	267	0.9935
53.1	303	0.9968
53.1	304	0.9941
53.1	307	0.9983
53.1	323	0.9098
53.1	333	0.9380
53.1	337	0.9982
53.1	340	0.9880
53.1	343	0.9744
53.1	345	0.9423
53.1	355	0.9852
53.1	362	0.9798
53.1	377	0.9762
53.1	385	0.9935
53.1	393	0.9893
53.1	396	0.9411
53.1	399	0.9957
53.1	400	0.9456
53.1	403	0.9971
53.1	407	0.9731
53.1	420	0.9949
53.1	429	0.9734
53.1	434	0.9198
53.1	457	0.9569
53.1	477	0.9911
53.1	479	0.9884
53.1	481	0.9922
53.1	525	0.9082
53.1	542	0.9586
53.1	561	0.9794
53.1	565	0.9860
53.1	566	0.9746
53.1	603	0.9908
53.1	605	0.9746
53.1	608	0.9467
53.1	609	0.9983
53.1	611	0.9860
53.1	613	0.9343
53.1	631	0.9093
53.1	643	0.9397
53.1	655	0.9619
53.1	657	0.9921
53.1	666	0.9745
53.1	700	0.9663
53.1	719	0.9758
53.1	722	0.9935
53.1	743	0.9689
53.1	745	0.9676
53.1	762	0.9636
53.1	764	0.9937
53.1	765	0.9674
53.1	766	0.9770
53.1	787	0.9659
53.1	818	0.9454
53.1	843	0.9867
53.1	844	0.9865
53.1	847	0.9941
53.1	851	0.9445
53.1	853	0.9650
53.1	861	0.9851
53.1	863	0.9702
53.1	867	0.9650
53.1	869	0.9767
53.1	870	0.9798
53.1	872	0.9854
53.1	878	0.9963
53.1	879	0.9645
53.1	886	0.9802
53.1	894	0.9438
53.1	900	0.9610
53.1	902	0.9949
53.1	911	0.9403
54.1	7	0.9059
54.1	13	0.9310
54.1	190	0.9356
54.1	194	0.9196
54.1	208	0.9637
54.1	211	0.9020
54.1	336	0.9119
54.1	349	0.9364
54.1	405	0.9000
54.1	580	0.9488
54.1	958	0.9635
54.1	961	0.9861
54.1	970	0.9193
54.1	1041	0.9411
54.1	1087	0.9208
54.1	1169	0.9411
54.1	1329	0.9027
5.4	180	0.9725
5.4	346	0.9473
5.4	380	0.9533
5.4	382	0.9374
5.4	398	0.9538
5.4	460	0.9125
5.4	721	0.9066
5.4	749	0.9290
5.4	773	0.9032
5.4	812	0.9292
5.4	921	0.9530
5.4	1009	0.9158
55.1	258	0.9424
55.1	360	0.9244
55.1	361	0.9029
55.1	423	0.9631
55.1	615	0.9306
5.5	799	0.9461
5.5	1108	0.9149
56.1	37	0.9125
56.1	40	0.9565
56.1	61	0.9270
56.1	87	0.9265
56.1	179	0.9097
56.1	452	0.9255
57.1	284	0.9151
57.1	289	0.9363
57.1	1449	0.9493
5.7	126	0.9019
5.7	498	0.9206
5.7	844	0.9163
5.7	1146	0.9220
5.7	1162	0.9103
5.8	169	0.9510
5.8	368	0.9161
5.8	710	0.9450
5.8	1062	0.9578
59.1	29	0.9304
59.1	572	0.9351
59.1	762	0.9109
60.1	10	0.9537
60.1	15	0.9288
60.1	30	0.9209
60.1	41	0.9327
60.1	42	0.9287
60.1	49	0.9439
60.1	404	0.9384
60.1	425	0.9239
60.1	532	0.9084
60.1	688	0.9145
60.1	722	0.9539
60.1	922	0.9191
60.1	943	0.9848
60.1	947	0.9466
60.1	995	0.9919
6.10	4	0.9140
6.10	267	0.9181
6.10	272	0.9190
6.10	285	0.9410
6.10	352	0.9298
6.10	457	0.9018
6.10	458	0.9466
6.10	462	0.9093
6.10	499	0.9015
6.10	600	0.9462
6.10	671	0.9625
6.10	716	0.9071
6.10	747	0.9141
6.10	773	0.9218
6.10	792	0.9329
6.10	794	0.9215
6.10	863	0.9037
6.10	891	0.9505
6.10	892	0.9139
6.11	31	0.9084
6.11	434	0.9534
6.11	442	0.9169
6.11	448	0.9068
6.11	614	0.9037
6.11	617	0.9106
6.11	637	0.9475
6.11	660	0.9868
6.11	663	0.9523
6.11	683	0.9222
6.11	735	0.9241
6.11	736	0.9075
6.11	773	0.9028
6.11	807	0.9348
6.11	808	0.9010
6.11	809	0.9754
6.11	880	0.9291
61.1	97	0.9451
61.1	307	0.9362
61.1	339	0.9459
61.1	768	0.9305
6.12	438	0.9336
6.12	448	0.9636
6.12	565	0.9033
6.12	638	0.9036
6.13	283	0.9499
6.13	287	0.9353
6.13	436	0.9407
6.13	613	0.9006
6.13	784	0.9510
6.13	805	0.9227
6.13	806	0.9353
6.14	443	0.9027
6.14	450	0.9254
6.14	553	0.9201
6.14	613	0.9259
6.14	653	0.9282
6.14	659	0.9240
6.14	683	0.9701
6.14	702	0.9064
6.14	762	0.9002
6.14	804	0.9178
6.14	806	0.9815
6.14	807	0.9670
6.17	563	0.9351
6.17	612	0.9170
6.17	613	0.9236
6.17	781	0.9314
6.17	912	0.9328
62.1	9	0.9054
62.1	14	0.9342
62.1	32	0.9791
62.1	223	0.9100
6.2	253	0.9277
6.2	288	0.9212
6.2	355	0.9096
6.2	422	0.9226
6.2	446	0.9301
6.2	497	0.9238
6.2	498	0.9070
6.2	499	0.9296
6.2	646	0.9220
6.2	667	0.9292
6.2	672	0.9159
6.2	691	0.9177
6.2	769	0.9065
6.2	791	0.9174
6.2	792	0.9437
6.2	794	0.9383
6.3	487	0.9491
6.3	488	0.9388
6.3	489	0.9350
6.3	610	0.9004
6.3	698	0.9252
6.3	700	0.9443
6.3	803	0.9348
6.3	804	0.9022
64.1	31	0.9438
64.1	66	0.9504
64.1	81	0.9398
64.1	262	0.9380
64.1	330	0.9407
64.1	341	0.9266
64.1	399	0.9341
64.1	411	0.9061
64.1	430	0.9271
64.1	444	0.9099
64.1	514	0.9313
64.1	545	0.9650
64.1	547	0.9579
64.1	553	0.9254
64.1	555	0.9920
64.1	577	0.9363
64.1	635	0.9421
64.1	658	0.9395
64.1	678	0.9905
64.1	714	0.9930
64.1	795	0.9984
64.1	897	0.9892
64.1	917	0.9449
64.1	943	0.9005
64.1	974	0.9408
64.1	1025	0.9991
64.1	1051	0.9187
64.1	1065	0.9482
64.1	1127	0.9536
6.4	100	0.9550
6.4	174	0.9808
6.4	400	0.9457
6.4	430	0.9607
6.4	441	0.9688
6.4	444	0.9074
6.4	447	0.9494
6.4	488	0.9776
6.4	560	0.9961
6.4	561	0.9657
6.4	566	0.9454
6.4	609	0.9192
6.4	611	0.9653
6.4	634	0.9599
6.4	657	0.9970
6.4	658	0.9065
6.4	661	0.9616
6.4	680	0.9597
6.4	700	0.9486
6.4	702	0.9847
6.4	706	0.9402
6.4	729	0.9701
6.4	730	0.9508
6.4	732	0.9791
6.4	741	0.9203
6.4	744	0.9618
6.4	758	0.9617
6.4	762	0.9854
6.4	763	0.9772
6.4	764	0.9628
6.4	782	0.9734
6.4	784	0.9552
6.4	785	0.9675
6.4	806	0.9739
6.4	808	0.9889
6.4	809	0.9603
6.4	810	0.9503
6.4	831	0.9804
6.4	834	0.9702
6.4	901	0.9086
6.4	910	0.9642
65.1	17	0.9900
65.1	26	0.9827
65.1	59	0.9827
65.1	67	0.9695
65.1	81	0.9847
65.1	84	0.9551
65.1	89	0.9874
65.1	198	0.9753
65.1	203	0.9867
65.1	206	0.9946
65.1	219	0.9804
65.1	226	0.9862
65.1	243	0.9912
65.1	290	0.9870
65.1	342	0.9584
65.1	345	0.9897
65.1	372	0.9935
65.1	373	0.9398
65.1	383	0.9960
65.1	407	0.9682
65.1	408	0.9781
65.1	429	0.9293
65.1	451	0.9821
65.1	454	0.9645
65.1	469	0.9801
65.1	492	0.9826
65.1	551	0.9578
65.1	552	0.9123
65.1	583	0.9828
65.1	642	0.9874
65.1	646	0.9523
65.1	742	0.9965
65.1	766	0.9963
65.1	815	0.9942
65.1	826	0.9433
65.1	869	0.9987
65.1	880	0.9973
65.1	881	0.9938
66.1	74	0.9076
66.1	862	0.9530
6.6	17	0.9648
6.6	136	0.9227
6.6	181	0.9904
6.6	219	0.9013
6.6	316	0.9914
6.6	328	0.9344
6.6	378	0.9738
6.6	408	0.9267
6.6	418	0.9814
6.6	438	0.9794
6.6	451	0.9679
6.6	452	0.9222
6.6	490	0.9795
6.6	493	0.9230
6.6	494	0.9868
6.6	495	0.9525
6.6	496	0.9520
6.6	498	0.9456
6.6	527	0.9796
6.6	559	0.9583
6.6	570	0.9602
6.6	574	0.9455
6.6	605	0.9501
6.6	620	0.9806
6.6	642	0.9750
6.6	665	0.9891
6.6	669	0.9826
6.6	671	0.9211
6.6	688	0.9621
6.6	695	0.9238
6.6	708	0.9714
6.6	710	0.9921
6.6	740	0.9805
6.6	786	0.9689
6.6	788	0.9569
6.6	810	0.9725
6.6	813	0.9674
6.6	815	0.9970
6.6	817	0.9588
6.6	834	0.9618
6.6	836	0.9958
6.6	837	0.9904
6.6	838	0.9892
6.6	841	0.9655
6.6	843	0.9051
6.6	859	0.9756
6.6	862	0.9784
6.6	888	0.9849
6.6	909	0.9792
6.7	87	0.9119
6.7	100	0.9077
6.7	253	0.9210
6.7	265	0.9256
6.7	283	0.9926
6.7	456	0.9058
6.7	473	0.9059
6.7	499	0.9421
6.7	546	0.9301
6.7	609	0.9094
6.7	626	0.9470
6.7	646	0.9564
6.7	669	0.9304
6.7	692	0.9305
6.7	693	0.9706
6.7	711	0.9221
6.7	744	0.9306
6.7	792	0.9140
6.7	795	0.9293
6.7	817	0.9552
68.1	215	0.9087
68.1	317	0.9016
68.1	357	0.9230
68.1	879	0.9024
69.1	161	0.9458
69.1	168	0.9413
69.1	177	0.9444
69.1	221	0.9251
69.1	227	0.9435
69.1	307	0.9063
69.1	316	0.9012
69.1	388	0.9245
69.1	551	0.9160
69.1	556	0.9122
69.1	647	0.9308
69.1	672	0.9236
69.1	750	0.9456
69.1	1043	0.9031
70.1	8	0.9242
70.1	96	0.9658
70.1	212	0.9654
70.1	221	0.9746
70.1	265	0.9662
70.1	327	0.9977
70.1	409	0.9068
70.1	774	0.9425
70.1	919	0.9576
70.1	941	0.9403
70.1	951	0.9410
70.1	964	0.9350
70.1	1038	0.9344
70.1	1061	0.9342
70.1	1186	0.9595
71.1	64	0.9195
7.12	559	0.9077
7.12	626	0.9058
7.12	649	0.9334
7.12	658	0.9173
7.12	677	0.9142
7.12	725	0.9379
7.12	747	0.9258
7.16	157	0.9130
7.16	450	0.9246
7.17	3	0.9178
7.17	40	0.9284
7.17	52	0.9267
7.17	698	0.9380
7.1	52	0.9789
7.1	293	0.9084
7.1	526	0.9134
7.1	553	0.9165
7.1	554	0.9297
7.1	559	0.9891
7.1	562	0.9898
7.1	649	0.9186
7.1	658	0.9751
7.1	700	0.9704
7.1	701	0.9654
7.1	702	0.9145
7.1	705	0.9766
7.1	751	0.9547
7.1	769	0.9080
7.1	776	0.9934
7.1	777	0.9697
7.1	795	0.9493
7.1	810	0.9114
7.1	811	0.9025
7.1	832	0.9289
7.1	860	0.9144
7.1	863	0.9295
7.1	884	0.9134
7.1	885	0.9261
7.20	843	0.9346
7.20	847	0.9204
72.1	64	0.9573
72.1	146	0.9509
72.1	532	0.9126
72.1	631	0.9726
72.1	743	0.9123
72.1	758	0.9654
72.1	798	0.9349
72.1	814	0.9398
72.1	815	0.9552
72.1	838	0.9512
7.2	52	0.9359
7.2	655	0.9442
7.2	762	0.9274
73.1	10	0.9646
73.1	16	0.9516
73.1	19	0.9918
73.1	25	0.9760
73.1	26	0.9826
73.1	100	0.9978
73.1	107	0.9924
73.1	152	0.9097
73.1	161	0.9949
73.1	177	0.9980
73.1	179	0.9825
73.1	189	0.9986
73.1	190	0.9956
73.1	191	0.9400
73.1	198	0.9236
73.1	204	0.9541
73.1	206	0.9827
73.1	207	1.0000
73.1	216	0.9945
73.1	235	0.9746
73.1	238	0.9996
73.1	284	0.9839
73.1	297	0.9991
73.1	308	0.9904
73.1	309	0.9999
73.1	317	0.9984
73.1	323	0.9990
73.1	326	0.9974
73.1	330	0.9991
73.1	333	0.9917
73.1	388	0.9826
73.1	397	0.9779
73.1	398	0.9556
73.1	462	0.9719
73.1	465	0.9769
73.1	466	0.9949
73.1	469	0.9806
73.1	479	0.9621
73.1	503	0.9803
73.1	504	0.9850
73.1	505	0.9440
73.1	509	0.9567
73.1	519	0.9264
73.1	540	0.9248
73.1	543	0.9820
73.1	570	0.9316
73.1	571	0.9016
73.1	573	0.9454
73.1	596	0.9774
73.1	598	0.9359
73.1	599	0.9550
73.1	623	0.9502
73.1	624	0.9064
73.1	625	0.9285
73.1	626	0.9196
73.1	627	0.9439
73.1	631	0.9837
73.1	642	0.9689
73.1	644	0.9541
73.1	652	0.9936
73.1	661	0.9975
73.1	675	0.9977
73.1	689	0.9067
73.1	717	0.9931
73.1	719	0.9819
73.1	720	0.9862
73.1	722	0.9848
73.1	740	0.9114
73.1	742	0.9841
73.1	764	0.9579
73.1	767	0.9066
73.1	786	0.9346
73.1	791	0.9473
73.1	805	0.9961
73.1	812	0.9358
73.1	814	0.9056
73.1	834	0.9548
73.1	838	0.9779
73.1	839	0.9825
73.1	858	0.9882
73.1	863	0.9990
73.1	866	0.9533
73.1	869	0.9440
73.1	882	0.9167
73.1	889	0.9912
73.1	892	0.9982
73.1	910	0.9052
73.1	911	0.9341
73.1	913	0.9850
73.1	929	0.9723
73.1	932	0.9485
73.1	967	0.9994
73.1	986	0.9790
73.1	989	0.9887
73.1	990	0.9411
73.1	996	0.9979
73.1	997	0.9013
73.1	1001	0.9905
73.1	1015	0.9747
73.1	1022	0.9741
73.1	1037	0.9522
73.1	1038	0.9437
73.1	1084	0.9940
73.1	1085	0.9579
73.1	1109	0.9867
73.1	1133	0.9915
73.1	1140	0.9878
73.1	1141	0.9756
73.1	1156	0.9450
73.1	1161	0.9423
73.1	1163	0.9958
73.1	1165	0.9922
73.1	1187	0.9942
73.1	1188	0.9782
73.1	1189	0.9431
73.1	1190	0.9985
73.1	1192	0.9999
73.1	1193	0.9679
73.1	1196	0.9829
73.1	1199	0.9851
73.1	1202	0.9987
73.1	1220	0.9469
73.1	1229	0.9041
73.1	1236	0.9901
73.1	1257	0.9027
73.1	1280	0.9982
7.3	52	0.9871
7.3	157	0.9772
7.3	158	0.9566
7.3	166	0.9172
7.3	237	0.9513
7.3	240	0.9466
7.3	265	0.9206
7.3	285	0.9165
7.3	294	0.9645
7.3	467	0.9071
7.3	505	0.9192
7.3	551	0.9394
7.3	604	0.9233
7.3	627	0.9670
7.3	629	0.9387
7.3	635	0.9442
7.3	649	0.9357
7.3	678	0.9701
7.3	679	0.9576
7.3	695	0.9294
7.3	697	0.9568
7.3	703	0.9673
7.3	712	0.9307
7.3	760	0.9626
7.3	762	0.9786
7.3	782	0.9976
7.3	783	0.9825
7.3	785	0.9469
7.3	814	0.9272
7.3	826	0.9683
7.3	838	0.9514
7.3	840	0.9712
7.3	859	0.9566
7.3	865	0.9311
7.3	883	0.9464
7.3	889	0.9132
7.3	891	0.9155
7.3	892	0.9153
74.1	119	0.9452
74.1	125	0.9510
74.1	132	0.9502
74.1	241	0.9471
74.1	242	0.9419
74.1	243	0.9393
74.1	245	0.9778
74.1	419	0.9199
74.1	434	0.9174
74.1	449	0.9688
74.1	451	0.9199
74.1	554	0.9195
74.1	605	0.9630
74.1	780	0.9543
74.1	855	0.9070
7.4	24	0.9098
7.4	52	0.9223
7.4	193	0.9468
7.4	278	0.9347
7.4	280	0.9083
7.4	286	0.9019
7.4	293	0.9048
7.4	421	0.9406
7.4	505	0.9208
7.4	546	0.9160
7.4	557	0.9308
7.4	703	0.9130
7.4	749	0.9224
7.4	774	0.9866
7.4	809	0.9118
75.1	700	0.9563
7.5	24	0.9625
7.5	52	0.9363
7.5	159	0.9073
7.5	658	0.9168
7.5	723	0.9181
7.5	831	0.9277
7.5	859	0.9102
7.5	885	0.9086
76.1	321	0.9214
7.6	3	0.9136
7.6	244	0.9262
7.6	280	0.9055
7.6	339	0.9087
7.6	552	0.9080
7.6	554	0.9742
7.6	557	0.9206
7.6	561	0.9127
7.6	590	0.9543
7.6	635	0.9327
7.6	638	0.9576
7.6	640	0.9559
7.6	643	0.9673
7.6	658	0.9192
7.6	667	0.9439
7.6	688	0.9128
7.6	703	0.9358
7.6	738	0.9673
7.6	760	0.9604
7.6	762	0.9273
7.6	765	0.9115
7.6	811	0.9053
7.6	815	0.9421
7.6	819	0.9693
7.6	820	0.9569
7.6	830	0.9102
7.6	843	0.9281
7.6	876	0.9195
77.1	58	0.9532
77.1	109	0.9055
77.1	163	0.9236
77.1	470	0.9388
77.1	537	0.9434
77.1	624	0.9396
77.1	635	0.9451
77.1	744	0.9183
77.1	809	0.9274
77.1	831	0.9089
77.1	838	0.9164
77.1	1001	0.9043
7.7	286	0.9243
7.7	702	0.9066
7.7	704	0.9366
7.7	705	0.9251
7.7	732	0.9558
7.7	778	0.9870
7.7	779	0.9655
7.7	834	0.9536
7.7	848	0.9235
7.7	861	0.9569
7.7	862	0.9246
7.7	863	0.9326
7.7	865	0.9865
7.7	868	0.9012
7.7	957	0.9220
7.7	958	0.9028
7.7	967	0.9511
78.1	57	0.9269
78.1	153	0.9778
78.1	225	0.9028
78.1	948	0.9162
78.1	1136	0.9140
7.8	70	0.9025
7.8	85	0.9036
7.8	304	0.9439
7.8	314	0.9758
79.1	81	0.9263
79.1	200	0.9555
79.1	214	0.9927
79.1	482	0.9395
79.1	526	0.9864
79.1	676	0.9530
79.1	683	0.9859
79.1	709	0.9973
79.1	914	0.9875
79.1	999	0.9557
79.1	1090	0.9156
79.1	1099	0.9109
79.1	1129	0.9351
79.1	1132	0.9404
80.1	153	0.9494
80.1	649	0.9221
80.1	964	0.9375
80.1	969	0.9052
80.1	988	0.9404
80.1	989	0.9377
80.1	996	0.9195
80.1	1039	0.9543
80.1	1137	0.9499
80.1	1205	0.9367
81.1	533	0.9022
81.1	761	0.9141
82.1	7	0.9261
82.1	9	0.9079
82.1	29	0.9294
82.1	31	0.9890
82.1	38	0.9707
82.1	142	0.9291
82.1	201	0.9852
82.1	260	0.9896
82.1	300	0.9820
82.1	348	0.9856
82.1	524	0.9675
82.1	553	0.9678
82.1	884	0.9898
82.1	927	0.9873
82.1	985	0.9718
82.1	1128	0.9736
82.1	1169	0.9987
8.2	54	0.9204
8.2	245	0.9702
8.2	315	0.9860
8.2	569	0.9457
8.2	591	0.9692
8.2	640	0.9145
8.2	641	0.9509
8.2	649	0.9752
8.2	689	0.9743
8.2	712	0.9659
8.2	754	0.9471
8.2	773	0.9665
8.2	777	0.9875
8.2	797	0.9126
8.2	810	0.9872
8.2	814	0.9314
8.2	838	0.9532
8.2	850	0.9096
83.1	65	0.9369
83.1	67	0.9444
83.1	71	0.9372
83.1	80	0.9065
83.1	131	0.9084
83.1	160	0.9246
83.1	778	0.9291
8.3	2	0.9037
8.3	6	0.9460
8.3	8	0.9184
8.3	69	0.9312
8.3	277	0.9065
8.3	316	0.9149
8.3	520	0.9188
8.3	522	0.9706
8.3	523	0.9257
8.3	531	0.9362
8.3	546	0.9687
8.3	771	0.9228
8.4	2	0.9915
8.4	3	0.9663
8.4	7	0.9661
8.4	12	0.9327
8.4	25	0.9582
8.4	30	0.9805
8.4	33	0.9720
8.4	41	0.9738
8.4	65	0.9577
8.4	119	0.9761
8.4	135	0.9653
8.4	522	0.9630
8.4	523	0.9558
8.4	524	0.9463
8.4	527	0.9511
8.4	531	0.9496
8.4	546	0.9511
8.4	568	0.9622
8.4	592	0.9540
8.4	613	0.9606
8.4	615	0.9734
8.4	616	0.9546
8.4	639	0.9735
8.4	684	0.9537
8.4	749	0.9458
8.4	751	0.9353
8.4	753	0.9052
8.4	772	0.9385
8.4	809	0.9617
8.4	851	0.9891
85.1	113	0.9242
85.1	118	0.9404
85.1	121	0.9369
85.1	446	0.9156
85.1	757	0.9689
85.1	905	0.9410
8.5	2	0.9404
8.5	3	0.9194
8.5	6	0.9287
8.5	30	0.9358
8.5	65	0.9438
8.5	88	0.9586
8.5	101	0.9271
8.5	156	0.9487
8.5	201	0.9009
8.5	269	0.9043
8.5	304	0.9373
8.5	358	0.9448
8.5	367	0.9762
8.5	430	0.9320
8.5	502	0.9517
8.5	512	0.9159
8.5	516	0.9468
8.5	518	0.9182
8.5	520	0.9650
8.5	522	0.9443
8.5	523	0.9027
8.5	524	0.9672
8.5	568	0.9095
8.5	684	0.9038
8.5	727	0.9051
8.5	751	0.9754
8.5	774	0.9347
8.5	776	0.9383
8.5	809	0.9146
8.5	831	0.9065
8.5	832	0.9040
8.5	833	0.9434
8.5	834	0.9030
8.5	878	0.9102
87.1	123	0.9308
87.1	366	0.9058
87.1	400	0.9233
88.1	84	0.9276
88.1	192	0.9280
88.1	568	0.9420
88.1	1252	0.9092
88.1	1265	0.9220
89.1	96	0.9408
89.1	703	0.9545
89.1	781	0.9887
89.1	957	0.9654
89.1	973	0.9156
89.1	1152	0.9267
90.1	64	0.9721
90.1	97	0.9857
90.1	115	0.9627
90.1	118	0.9779
90.1	129	0.9394
90.1	131	0.9378
90.1	142	0.9763
90.1	144	0.9868
90.1	152	0.9616
90.1	170	0.9394
90.1	181	0.9741
90.1	227	0.9722
90.1	248	0.9747
90.1	267	0.9661
90.1	277	0.9864
90.1	335	0.9548
90.1	341	0.9663
90.1	342	0.9702
90.1	352	0.9674
90.1	363	0.9853
90.1	381	0.9635
90.1	445	0.9796
90.1	455	0.9053
90.1	464	0.9549
90.1	488	0.9372
90.1	499	0.9528
90.1	519	0.9321
90.1	647	0.9305
90.1	691	0.9475
90.1	704	0.9924
90.1	717	0.9822
90.1	793	0.9986
90.1	860	0.9594
90.1	863	0.9809
90.1	909	0.9297
90.1	913	0.9555
90.1	920	0.9823
90.1	934	0.9778
90.1	974	0.9901
90.1	984	0.9972
90.1	986	0.9981
90.1	1105	0.9951
90.1	1118	0.9399
90.1	1120	0.9742
90.1	1127	0.9664
90.1	1150	0.9223
90.1	1157	0.9197
90.1	1172	0.9456
90.1	1186	0.9336
90.1	1188	0.9639
90.1	1190	0.9609
90.1	1204	0.9500
91.1	25	0.9513
91.1	211	0.9104
91.1	1285	0.9136
9.1	24	0.9339
9.1	213	0.9048
9.1	226	0.9079
9.1	577	0.9647
9.1	589	0.9411
9.1	595	0.9226
9.1	610	0.9336
9.1	783	0.9349
9.1	799	0.9303
9.1	809	0.9135
9.1	835	0.9048
92.1	46	0.9342
92.1	98	0.9088
92.1	255	0.9299
92.1	569	0.9649
92.1	1097	0.9708
92.1	1127	0.9820
9.2	41	0.9182
9.2	100	0.9215
9.2	660	0.9092
9.2	729	0.9316
9.2	734	0.9174
9.2	853	0.9504
9.3	457	0.9694
9.3	564	0.9487
9.3	593	0.9276
9.3	746	0.9058
94.1	242	0.9366
94.1	334	0.9015
94.1	614	0.9244
94.1	898	0.9096
94.1	905	0.9781
94.1	1073	0.9379
94.1	1200	0.9555
94.1	1371	0.9681
94.1	1381	0.9291
95.1	251	0.9226
95.1	264	0.9655
95.1	295	0.9370
95.1	319	0.9061
95.1	330	0.9821
95.1	382	0.9260
96.1	38	0.9226
96.1	57	0.9356
96.1	330	0.9108
96.1	362	0.9241
96.1	430	0.9314
96.1	460	0.9679
96.1	621	0.9114
96.1	660	0.9663
96.1	666	0.9607
96.1	669	0.9418
96.1	715	0.9307
96.1	716	0.9681
96.1	735	0.9130
96.1	737	0.9959
96.1	772	0.9801
96.1	823	0.9799
96.1	867	0.9625
96.1	928	0.9128
96.1	946	0.9497
96.1	976	0.9294
96.1	1003	0.9914
96.1	1014	0.9777
96.1	1090	0.9195
96.1	1119	0.9795
96.1	1189	0.9143
96.1	1205	0.9897
96.1	1227	0.9751
97.1	15	0.9995
97.1	74	0.9695
97.1	83	0.9692
97.1	127	0.9002
97.1	180	0.9646
97.1	194	0.9709
97.1	200	0.9799
97.1	203	0.9599
97.1	232	0.9547
97.1	247	0.9155
97.1	292	0.9450
97.1	294	0.9472
97.1	305	0.9500
97.1	320	0.9062
97.1	328	0.9454
97.1	330	0.9118
97.1	331	0.9775
97.1	355	0.9734
97.1	391	0.9664
97.1	489	0.9714
97.1	534	0.9295
97.1	584	0.9558
97.1	630	0.9444
97.1	658	0.9221
97.1	660	0.9842
97.1	684	0.9855
97.1	692	0.9902
97.1	712	0.9608
97.1	725	0.9625
97.1	745	0.9575
97.1	821	0.9679
98.1	210	0.9120
98.1	226	0.9300
99.1	8	0.9105
99.1	9	0.9390
99.1	11	0.9313
99.1	16	0.9679
99.1	23	0.9126
99.1	25	0.9270
99.1	223	0.9137
99.1	285	0.9630
99.1	503	0.9628
99.1	504	0.9352
99.1	536	0.9771
99.1	538	0.9775
99.1	539	0.9424
99.1	634	0.9456
99.1	639	0.9356
99.1	693	0.9783
99.1	716	0.9323
99.1	746	0.9104
99.1	777	0.9614
99.1	785	0.9815
99.1	938	0.9368
99.1	946	0.9354
99.1	953	0.9106
99.1	960	0.9546
99.1	962	0.9013
99.1	994	0.9629
99.1	1171	0.9557
99.1	1291	0.9499
99.1	1337	0.9354
